Number,Row
1000373,1
100225,205
1002689,409
1003891,613
1005039,817
1005962,1021
1006,1225
1006576,1429
100716,1633
1008,1837
100886,2041
100887,2245
101192,2449
101385,2653
1014,2857
101534,3061
1018,3265
102116,3469
102134,3673
10261,3877
1027273,4081
10273,4285
10276,4489
10279,4693
1031538,4897
1032474,5101
1032623,5305
1033854,5509
1034377,5713
103731,5917
103816,6121
104,6325
10406,6529
104580,6733
1047171,6937
1048396,7141
10484,7345
1048434,7549
1048758,7753
1049,7957
104955,8161
10497,8365
1050,8569
10506,8773
105219,8977
1053,9181
1055104,9385
105560,9589
10561,9793
10564,9997
10567,10201
1056807,10405
1056831,10609
10570,10813
106,11017
1061,11221
10623,11425
106284,11629
1063,11833
106370,12037
106592,12241
10661,12445
10665,12649
10677,12853
10678,13057
10679,13261
10683,13465
10685,13669
1069,13873
10690,14077
1069220,14281
1069378,14485
1070130,14689
10708,14893
10710,15097
10726,15301
1073767,15505
1073996,15709
10742,15913
1074214,16117
1074325,16321
1074467,16525
1075,16729
10752,16933
10756,17137
1076,17341
1076124,17545
1076255,17749
1076588,17953
1076626,18157
107709,18361
10778,18565
1079,18769
1081631,18973
1082704,19177
10837,19381
1084,19585
10847,19789
1084719,19993
10855,20197
1085624,20401
10862,20605
10869,20809
1091052,21013
109266,21217
109270,21421
109472,21625
1096,21829
1097,22033
10991,22237
1100,22441
1102,22645
11020,22849
1105381,23053
110539,23257
1108,23461
1108595,23665
1109412,23869
1109716,24073
111015,24277
1112,24481
111501,24685
1115758,24889
1118202,25093
111831,25297
111955,25501
1123043,25705
112437,25909
1124597,26113
1124849,26317
1125847,26521
1125966,26725
1126,26929
1131703,27133
1133546,27337
1134405,27541
1134435,27745
113608,27949
113653,28153
1137095,28357
1138822,28561
1141134,28765
114186,28969
1141883,29173
1145276,29377
1148,29581
1155739,29785
11569,29989
1157339,30193
1159327,30397
1159556,30601
115987,30805
1159906,31009
115991,31213
1160,31417
116056,31621
1160784,31825
116090,32029
1162966,32233
1164,32437
1165,32641
1165090,32845
1166950,33049
1170699,33253
117157,33457
117187,33661
117207,33865
11723,34069
1173025,34273
1173026,34477
1173032,34681
11757,34885
1176145,35089
1176146,35293
1176147,35497
1176148,35701
1176149,35905
1177211,36109
1177712,36313
1177757,36517
1177758,36721
1177762,36925
1177763,37129
1177764,37333
1177765,37537
1177766,37741
1177767,37945
1179673,38149
118000,38353
118140,38557
118163,38761
118323,38965
1183401,39169
1184,39373
1184387,39577
1185412,39781
118562,39985
1188228,40189
1188319,40393
11885,40597
1188794,40801
119,41005
1190451,41209
1193095,41413
1193713,41617
119484,41821
1195085,42025
1196083,42229
1196095,42433
1197717,42637
11983,42841
119864,43045
120,43249
1200300,43453
1202142,43657
1204525,43861
1204543,44065
1206566,44269
1208324,44473
12092,44677
1209493,44881
120962,45085
1210884,45289
1211644,45493
121719,45697
12173,45901
12175,46105
1217908,46309
12181,46513
1218727,46717
1218801,46921
1219,47125
1221500,47329
122368,47533
12241,47737
1225128,47941
1225769,48145
12288,48349
1229,48553
1229164,48757
12295,48961
12303,49165
1230341,49369
1231,49573
12315,49777
12319,49981
12321,50185
1232575,50389
12327,50593
1233177,50797
12345,51001
1235591,51205
1235662,51409
12360,51613
1238,51817
123824,52021
1239574,52225
12407,52429
1241979,52633
12431,52837
1245909,53041
12465,53245
12475,53449
1249552,53653
1249553,53857
125,54061
1250539,54265
1255,54469
12558,54673
1256869,54877
12585,55081
1259973,55285
1260,55489
12639,55693
1263979,55897
1264,56101
1267021,56305
1267766,56509
1267768,56713
1270,56917
1273541,57121
1273739,57325
1274,57529
127509,57733
1276,57937
1278232,58141
1279082,58345
128,58549
1280,58753
1282737,58957
1285589,59161
1285598,59365
1285600,59569
128818,59773
12885,59977
1288970,60181
12893,60385
12896,60589
12899,60793
129141,60997
1291540,61201
1293412,61405
129395,61609
1294262,61813
1295382,62017
1295392,62221
1295609,62425
1296,62629
1296669,62833
129727,63037
1297617,63241
129875,63445
129921,63649
129958,63853
129985,64057
1302411,64261
1302659,64465
130327,64669
1303590,64873
130478,65077
1306787,65281
1307,65485
13076,65689
1307761,65893
1307763,66097
1307839,66301
131082,66505
1312874,66709
131568,66913
1323375,67117
1323948,67321
1329402,67525
1330066,67729
1330068,67933
1330070,68137
1330524,68341
1331910,68545
1332188,68749
1333996,68953
1334193,69157
133453,69361
1335043,69565
1335048,69769
1335746,69973
1336796,70177
1336806,70381
133924,70585
133926,70789
1340830,70993
1343920,71197
134821,71401
1348774,71605
1349409,71809
13502,72013
1353260,72217
1353976,72421
135577,72625
1357545,72829
1359,73033
136073,73237
136084,73441
136094,73645
1364945,73849
136609,74053
137475,74257
13769,74461
13773,74665
1379040,74869
1379870,75073
1379910,75277
1380685,75481
138072,75685
1381007,75889
138118,76093
1382,76297
138336,76501
1384459,76705
1387353,76909
138950,77113
1391653,77317
1391654,77521
139208,77725
139438,77929
1397,78133
1397264,78337
1397703,78541
1398,78745
14,78949
1400387,79153
1400526,79357
1402135,79561
1404864,79765
1406512,79969
1407499,80173
1408204,80377
1410383,80581
1410606,80785
1411902,80989
1413,81193
141451,81397
1415657,81601
141904,81805
142,82009
1423,82213
1424294,82417
1424653,82621
1425362,82825
1426,83029
1427364,83233
142864,83437
1431460,83641
1432792,83845
143361,84049
1434191,84253
1436133,84457
1436290,84661
1437009,84865
1437839,85069
1441386,85273
1443036,85477
1443909,85681
1445505,85885
1446467,86089
1447062,86293
1449,86497
1450746,86701
145263,86905
1453352,87109
1457165,87313
1457365,87517
1458425,87721
1458461,87925
1461582,88129
1462,88333
1465,88537
1465639,88741
1467,88945
146786,89149
146826,89353
146919,89557
146939,89761
1470434,89965
1471761,90169
1472345,90373
147268,90577
1472767,90781
147322,90985
1473598,91189
1476,91393
147709,91597
1478,91801
1481186,92005
1481452,92209
1482,92413
1482074,92617
1484109,92821
148603,93025
1486034,93229
1486262,93433
148813,93637
148879,93841
148880,94045
1490,94249
1492898,94453
1493829,94657
1496,94861
149715,95065
1498,95269
1500254,95473
150123,95677
1501392,95881
150340,96085
1505,96289
1505757,96493
150829,96697
1508404,96901
1509244,97105
1510,97309
1510150,97513
1510225,97717
1510841,97921
1511,98125
1511776,98329
1511781,98533
1511783,98737
1511803,98941
1511805,99145
1511891,99349
1513,99553
1513188,99757
1513202,99961
1513224,100165
1513248,100369
1513249,100573
1513250,100777
1513251,100981
1513252,101185
1513253,101389
1513254,101593
1513255,101797
1514105,102001
151528,102205
151895,102409
1521,102613
152177,102817
1522,103021
1525,103225
1526571,103429
1526572,103633
1526658,103837
1528099,104041
1531429,104245
1532552,104449
153493,104653
153496,104857
1535208,105061
1537215,105265
1537400,105469
154,105673
154046,105877
154288,106081
1543721,106285
1547219,106489
1547448,106693
1547898,106897
1548547,107101
1548548,107305
1548602,107509
154981,107713
1549855,107917
1550024,108121
1550241,108325
1550728,108529
1550733,108733
155077,108937
1552990,109141
1553431,109345
1555112,109549
1556,109753
155863,109957
155892,110161
155978,110365
1561003,110569
1561005,110773
1565,110977
1565605,111181
1569057,111385
1570,111589
1575,111793
157592,111997
157673,112201
157692,112405
1577791,112609
1578165,112813
1579316,113017
1579979,113221
158,113425
158080,113629
1581680,113833
1582259,114037
158327,114241
1585976,114445
1586232,114649
1586233,114853
1586287,115057
158822,115261
158841,115465
158849,115669
158877,115873
158899,116077
1589,116281
1591409,116485
159346,116689
1594731,116893
1595998,117097
1597,117301
159743,117505
1597781,117709
160233,117913
1603,118117
1603555,118321
1603606,118525
1604004,118729
1608628,118933
1608957,119137
1609966,119341
1610493,119545
161154,119749
1612173,119953
161493,120157
1618,120361
1618207,120565
1619308,120769
1619313,120973
1620215,121177
1620816,121381
1621989,121585
1622118,121789
1623,121993
1630135,122197
1630141,122401
1632864,122605
1633151,122809
163359,123013
1634516,123217
1635327,123421
1639,123625
1639108,123829
1642646,124033
164451,124237
164514,124441
164546,124645
1646,124849
1646377,125053
164750,125257
164759,125461
1648404,125665
165096,125869
165179,126073
1653434,126277
1653476,126481
1653480,126685
1658616,126889
1658665,127093
1658671,127297
1659771,127501
1661,127705
166485,127909
166486,128113
166501,128317
166935,128521
1670455,128725
1670800,128929
1670830,129133
1670831,129337
1673428,129541
1674922,129745
1675686,129949
167642,130153
1678128,130357
1678143,130561
1678144,130765
1678145,130969
1678146,131173
1678147,131377
1678906,131581
1679096,131785
167964,131989
1679721,132193
168169,132397
1682490,132601
168384,132805
168471,133009
1685010,133213
168695,133417
1690672,133621
169176,133825
169435,134029
169683,134233
1697053,134437
1702221,134641
1702325,134845
1704307,135049
1704499,135253
1705394,135457
1711,135661
1712261,135865
1712410,136069
171437,136273
1714619,136477
1714860,136681
1715691,136885
171695,137089
1717717,137293
172,137497
1720083,137701
1731,137905
1734049,138109
173480,138313
1735038,138517
1736674,138721
1737490,138925
1740262,139129
174142,139333
1745854,139537
174633,139741
1748,139945
1750598,140149
1750719,140353
1751046,140557
1752063,140761
1755588,140965
1755811,141169
1758689,141373
1759059,141577
1760988,141781
1761012,141985
176106,142189
1761453,142393
1763535,142597
1763536,142801
1763828,143005
176652,143209
1768242,143413
1771309,143617
1773,143821
1773489,144025
1774273,144229
1776384,144433
177758,144637
1778262,144841
1778263,145045
1778264,145249
178339,145453
1784714,145657
1785753,145861
178899,146065
1790137,146269
1795630,146473
179636,146677
179637,146881
1796616,147085
1796620,147289
1796635,147493
1796646,147697
1796652,147901
1796921,148105
1798205,148309
180,148513
180170,148717
1802984,148921
1803846,149125
1803957,149329
1804990,149533
180504,149737
1806508,149941
1808979,150145
1809410,150349
1810504,150553
181082,150757
181124,150961
1811807,151165
1813451,151369
1813871,151573
1813880,151777
181487,151981
181663,152185
1817405,152389
181762,152593
1821560,152797
1821621,153001
1821750,153205
1821960,153409
182210,153613
182262,153817
182640,154021
1826607,154225
182710,154429
1836,154633
1836467,154837
1838062,155041
1838286,155245
1839801,155449
184064,155653
184117,155857
1842540,156061
1844971,156265
184914,156469
184917,156673
185007,156877
1850238,157081
1850246,157285
1850252,157489
1850254,157693
1851148,157897
1851514,158101
1852,158305
1852022,158509
1852373,158713
1852374,158917
1852381,159121
185300,159325
1853278,159529
1853682,159733
1853690,159937
1855912,160141
185782,160345
1859475,160549
1861,160753
186165,160957
186189,161161
186192,161365
1862145,161569
1863,161773
186490,161977
1866,162181
1866326,162385
1867719,162589
186772,162793
186786,162997
1868589,163201
1870985,163405
187101,163609
1871025,163813
1871034,164017
1871153,164221
187137,164425
187145,164629
1873524,164833
1873698,165037
1874277,165241
187493,165445
1878942,165649
1882682,165853
1882918,166057
1883371,166261
1883414,166465
188350,166669
1884450,166873
1884453,167077
1884460,167281
1884461,167485
1884634,167689
1884914,167893
188913,168097
1891207,168301
1891644,168505
1891729,168709
1891746,168913
1891754,169117
1891755,169321
1891756,169525
1891770,169729
1891926,169933
189381,170137
1894999,170341
1896196,170545
1898042,170749
1898749,170953
19,171157
190064,171361
1903276,171565
1903694,171769
1903704,171973
1906741,172177
1906744,172381
1907662,172585
1908198,172789
1910935,172993
1911006,173197
1911010,173401
1911586,173605
1912795,173809
1913578,174013
1913656,174217
1913658,174421
1913995,174625
1914019,174829
1914020,175033
1914161,175237
1914471,175441
1914568,175645
1914574,175849
1914853,176053
1914897,176257
191495,176461
1915078,176665
1915209,176869
1915309,177073
191579,177277
1917421,177481
1917485,177685
1917980,177889
1918005,178093
1918011,178297
1918014,178501
1918194,178705
1918525,178909
1918720,179113
1918722,179317
1918727,179521
1918729,179725
1918731,179929
1920493,180133
1920498,180337
192073,180541
1920749,180745
1920751,180949
1920754,181153
1920763,181357
1920772,181561
1920777,181765
1920883,181969
1920998,182173
1921008,182377
1921018,182581
1921086,182785
1921118,182989
1921123,183193
1921130,183397
1921188,183601
1921411,183805
1921432,184009
1921436,184213
1921510,184417
1921526,184621
1921545,184825
1921548,185029
1921554,185233
1921698,185437
1921705,185641
1921710,185845
1921773,186049
1921778,186253
1921824,186457
1922208,186661
1922212,186865
1922242,187069
1922247,187273
1922328,187477
1922331,187681
1923469,187885
1925548,188089
1925781,188293
1925803,188497
1926511,188701
1926868,188905
1927128,189109
192843,189313
1930071,189517
1930273,189721
1930274,189925
1930276,190129
1930277,190333
1930593,190537
193121,190741
1932910,190945
1932912,191149
1932923,191353
1932927,191557
1933880,191761
1935379,191965
1936003,192169
1936021,192373
1936081,192577
1938604,192781
1940612,192985
1940790,193189
194196,193393
1943633,193597
194441,193801
1944646,194005
1945565,194209
1945589,194413
194699,194617
194802,194821
194965,195025
194966,195229
195105,195433
195913,195637
1961787,195841
1962974,196045
1965384,196249
1966265,196453
1967665,196657
1968839,196861
1969806,197065
1969821,197269
197,197473
1971236,197677
197162,197881
1972068,198085
1972134,198289
1972577,198493
1972580,198697
1972584,198901
1972593,199105
1972626,199309
1972686,199513
197482,199717
1977105,199921
1977140,200125
1977297,200329
1977306,200533
1977402,200737
1977408,200941
1977411,201145
1977412,201349
197771,201553
197772,201757
1978413,201961
1978546,202165
1980426,202369
1980456,202573
1980541,202777
1980918,202981
1980923,203185
1980926,203389
1980931,203593
1980941,203797
1980946,204001
1981041,204205
1981164,204409
1981166,204613
1981167,204817
1981510,205021
1982090,205225
1982093,205429
1982096,205633
1982100,205837
1982102,206041
1982105,206245
1982107,206449
1982112,206653
1982148,206857
1982151,207061
1982153,207265
1982219,207469
1982221,207673
1982225,207877
1982229,208081
1982237,208285
1982240,208489
1982245,208693
1982247,208897
1982269,209101
1982357,209305
1982360,209509
1982363,209713
1982364,209917
1982365,210121
1982368,210325
1982371,210529
1982373,210733
1982377,210937
198252,211141
1982555,211345
1982560,211549
1982561,211753
1982563,211957
1982567,212161
1982570,212365
1982575,212569
1982577,212773
1982580,212977
1982584,213181
1982588,213385
1982591,213589
1982596,213793
1982626,213997
1982660,214201
1982747,214405
1982750,214609
1982751,214813
1982882,215017
1982890,215221
1982894,215425
1982895,215629
1982903,215833
1982918,216037
1983117,216241
1983550,216445
1983736,216649
1983739,216853
1983742,217057
1983750,217261
1984775,217465
1984778,217669
1984783,217873
1984787,218077
1984790,218281
1984796,218485
1984800,218689
1985175,218893
1985182,219097
1985290,219301
1985305,219505
1985310,219709
1985326,219913
1985337,220117
1985342,220321
1985354,220525
1985689,220729
1985695,220933
1985698,221137
1985704,221341
1985714,221545
1985726,221749
1985729,221953
1985730,222157
1985731,222361
1985732,222565
1985736,222769
1985737,222973
1985740,223177
1985983,223381
1986027,223585
1986034,223789
1986112,223993
1986113,224197
1986118,224401
1986204,224605
1986538,224809
1986960,225013
1987921,225217
1987993,225421
1987994,225625
1993650,225829
1993859,226033
1993872,226237
199441,226441
199596,226645
2001,226849
2003188,227053
2003329,227257
2003391,227461
2003649,227665
2003678,227869
200415,228073
2004457,228277
2005060,228481
2005460,228685
2005701,228889
2006,229093
2006110,229297
2006134,229501
2006145,229705
2006175,229909
2010829,230113
2011073,230317
2011074,230521
2011075,230725
2011076,230929
2011077,231133
2011078,231337
2011079,231541
2011080,231745
2011081,231949
2011082,232153
2011083,232357
2011088,232561
2016596,232765
2017482,232969
2020,233173
2021234,233377
2024580,233581
2024608,233785
2025079,233989
2026,234193
2026624,234397
2026885,234601
2027857,234805
2028345,235009
2029849,235213
2030964,235417
2034170,235621
2034996,235825
2034999,236029
2035,236233
2036206,236437
2038343,236641
2039,236845
204090,237049
2041855,237253
2041859,237457
2043170,237661
2045,237865
2045011,238069
204525,238273
2047,238477
2047767,238681
2047966,238885
2049305,239089
2049886,239293
2051,239497
2051959,239701
2052899,239905
2054,240109
2055893,240313
2056194,240517
2057,240721
2058135,240925
2058175,241129
2058657,241333
205868,241537
205869,241741
205870,241945
205872,242149
205875,242353
205876,242557
205879,242761
205910,242965
2060092,243169
2060093,243373
2060142,243577
2060973,243781
2061,243985
206403,244189
206506,244393
2066,244597
2066483,244801
2067065,245005
2067960,245209
2068655,245413
2069432,245617
2070537,245821
2072590,246025
207343,246229
207949,246433
2079521,246637
2079791,246841
2079792,247045
208199,247249
208216,247453
208226,247657
2083181,247861
208479,248065
2086584,248269
2086585,248473
2093824,248677
2093856,248881
2093857,249085
2094025,249289
2095,249493
2097,249697
2099786,249901
2108365,250105
2108523,250309
2109913,250513
2109914,250717
2109915,250921
211114,251125
2115,251329
2115978,251533
2116657,251737
2118,251941
2126321,252145
2126346,252349
2126984,252553
213034,252757
2133944,252961
2136037,253165
213633,253369
214851,253573
214888,253777
2151,253981
215591,254185
215813,254389
2161677,254593
2161747,254797
2161875,255001
2161876,255205
2161880,255409
2163011,255613
2163644,255817
216465,256021
216778,256225
216816,256429
216933,256633
2169400,256837
2169571,257041
2169685,257245
2169686,257449
2169687,257653
2169689,257857
2169692,258061
2169700,258265
2169704,258469
2169707,258673
2169721,258877
2169724,259081
2169725,259285
2169730,259489
2169731,259693
2169775,259897
2169798,260101
2169814,260305
2169834,260509
2169853,260713
2169860,260917
2169864,261121
2169868,261325
2169870,261529
2169883,261733
2169893,261937
2169894,262141
2169905,262345
2169910,262549
2169918,262753
2169919,262957
2169921,263161
2169922,263365
2169925,263569
2169926,263773
2169927,263977
2169937,264181
2169963,264385
2169965,264589
2169978,264793
2170027,264997
2170030,265201
2170047,265405
2170052,265609
2170091,265813
2170098,266017
2170116,266221
2170139,266425
2170191,266629
2170203,266833
2170215,267037
2170216,267241
2170221,267445
2170233,267649
2170234,267853
2170235,268057
2170236,268261
2170237,268465
2170239,268669
2170248,268873
2170254,269077
2170745,269281
2171623,269485
2171755,269689
2172099,269893
2172103,270097
2173,270301
2173034,270505
2176,270709
217686,270913
2180,271117
218208,271321
2182400,271525
2183582,271729
2183911,271933
2184083,272137
2187,272341
2189,272545
219174,272749
219314,272953
2198,273157
2199,273361
2201,273565
2202149,273769
2202721,273973
2203,274177
220697,274381
2209,274585
2211106,274789
2211108,274993
2211140,275197
2213194,275401
2213226,275605
221402,275809
2218628,276013
2219043,276217
221915,276421
2219224,276625
2220095,276829
2220096,277033
2224,277237
222819,277441
2231055,277645
2231603,277849
2233999,278053
2238,278257
223967,278461
2246,278665
2247,278869
225148,279073
225194,279277
225588,279481
2257,279685
2259620,279889
2259673,280093
225992,280297
2268024,280501
2268449,280705
2269,280909
227086,281113
227318,281317
227470,281521
2275,281725
2280,281929
2282148,282133
2282206,282337
2283160,282541
2283195,282745
2283318,282949
2287,283153
228745,283357
2290923,283561
2291597,283765
2292766,283969
2293,284173
2293317,284377
2296,284581
229731,284785
2303331,284989
2303538,285193
2304600,285397
2305987,285601
2306623,285805
230871,286009
231049,286213
2315,286417
2315862,286621
2316383,286825
2317,287029
2320,287233
2320858,287437
2321403,287641
2322,287845
232237,288049
232259,288253
2331,288457
233100,288661
233181,288865
233894,289069
2341112,289273
2341117,289477
234827,289681
2350,289885
2352,290089
235201,290293
235266,290497
2358,290701
2364647,290905
236753,291109
2371,291313
237258,291517
2377,291721
238,291925
2382161,292129
239935,292333
240426,292537
240427,292741
240495,292945
241244,293149
241425,293353
2419771,293557
2419772,293761
2419774,293965
2421,294169
2424,294373
242527,294577
242600,294781
242606,294985
242703,295189
244589,295393
244596,295597
244787,295801
245188,296005
245685,296209
248039,296413
2483033,296617
2483799,296821
2487072,297025
2487118,297229
2490858,297433
2493639,297637
249402,297841
2494234,298045
2494373,298249
2494374,298453
2494552,298657
2495645,298861
2496265,299065
2496266,299269
2498113,299473
2498135,299677
2498451,299881
2499157,300085
2499618,300289
2499620,300493
2499621,300697
2499622,300901
2499677,301105
2499678,301309
2499685,301513
2499932,301717
2500533,301921
2500547,302125
2501933,302329
2501934,302533
2501935,302737
2501936,302941
2501937,303145
2501942,303349
2501943,303553
2501944,303757
2501945,303961
2501946,304165
2501947,304369
2501958,304573
2501965,304777
2501969,304981
2502000,305185
2502779,305389
2505977,305593
2506420,305797
2507160,306001
2507161,306205
2507162,306409
2507290,306613
2507503,306817
2507538,307021
2508226,307225
2508233,307429
2508237,307633
2508251,307837
2508252,308041
2508255,308245
2508259,308449
2509286,308653
2509380,308857
2509382,309061
2509383,309265
2509395,309469
2509675,309673
2511995,309877
2516557,310081
251749,310285
2518645,310489
2518971,310693
2518989,310897
2518994,311101
252130,311305
252307,311509
252514,311713
2527968,311917
2527972,312121
2527973,312325
2527974,312529
2527979,312733
2527982,312937
2527983,313141
2527984,313345
2527989,313549
2527994,313753
2527995,313957
2527996,314161
2528007,314365
2528009,314569
2528010,314773
2528020,314977
2528021,315181
2528022,315385
2528023,315589
2528024,315793
2528026,315997
2528027,316201
2528037,316405
2528593,316609
2528642,316813
2528964,317017
2529032,317221
252966,317425
252967,317629
253239,317833
253245,318037
254247,318241
2546356,318445
2546360,318649
2546366,318853
254758,319057
2558174,319261
2558360,319465
2558361,319669
2558931,319873
2560057,320077
2560261,320281
2560265,320485
2560266,320689
2560269,320893
2560283,321097
2560286,321301
2560287,321505
2560293,321709
2560297,321913
2560300,322117
2560303,322321
2560304,322525
2560308,322729
2560332,322933
2560333,323137
2560334,323341
2560335,323545
2560336,323749
2560337,323953
2560343,324157
2560351,324361
2560358,324565
2560359,324769
2560360,324973
2560387,325177
2560388,325381
2560392,325585
2560393,325789
2560395,325993
2560396,326197
2560398,326401
2560400,326605
2560405,326809
2560406,327013
2560407,327217
2560409,327421
2560414,327625
2560419,327829
2560421,328033
2560422,328237
2560434,328441
2560435,328645
2560436,328849
2560440,329053
2560453,329257
2560472,329461
2560473,329665
2560476,329869
2560479,330073
2560482,330277
2560484,330481
2560485,330685
2560486,330889
2560487,331093
2560489,331297
2560492,331501
2560493,331705
2560494,331909
2560495,332113
2560497,332317
2560498,332521
2560499,332725
2560500,332929
2560501,333133
2560502,333337
2560503,333541
2560506,333745
2560507,333949
2560508,334153
2560509,334357
2560512,334561
2560514,334765
2560530,334969
2560534,335173
2560535,335377
2560539,335581
2560540,335785
2560545,335989
2560548,336193
2560552,336397
2560578,336601
2560588,336805
2560589,337009
2560590,337213
2560591,337417
2560592,337621
2560595,337825
2560596,338029
2560597,338233
2560598,338437
2560608,338641
2560611,338845
2560612,339049
2560615,339253
2560618,339457
2560619,339661
2560620,339865
2560623,340069
2560625,340273
2560629,340477
2560631,340681
2560633,340885
2560644,341089
2560651,341293
2560652,341497
2560656,341701
2560657,341905
2560658,342109
2560666,342313
2560671,342517
2560676,342721
2560679,342925
2560680,343129
2560683,343333
2560684,343537
2560686,343741
2560688,343945
2560689,344149
2560691,344353
2560692,344557
2560695,344761
2560699,344965
2560700,345169
2560702,345373
2560703,345577
2560704,345781
2560705,345985
2560706,346189
2560720,346393
2560726,346597
2560728,346801
2560731,347005
2560736,347209
2560745,347413
2560751,347617
2560752,347821
2560753,348025
2560762,348229
2560778,348433
2560782,348637
2560784,348841
2560785,349045
2560786,349249
2560792,349453
2560802,349657
2560804,349861
2560818,350065
2560822,350269
2560831,350473
2560834,350677
2560835,350881
2560836,351085
2560838,351289
2560842,351493
2560843,351697
2560846,351901
2560847,352105
2560848,352309
2562285,352513
2565781,352717
256618,352921
2567881,353125
2567896,353329
2567941,353533
256821,353737
2569541,353941
2570561,354145
2570586,354349
2576307,354553
2576756,354757
2576891,354961
257708,355165
2579935,355369
2579971,355573
2582419,355777
2582913,355981
2583377,356185
2583452,356389
2583587,356593
2583823,356797
2584122,357001
2586965,357205
2587163,357409
2587410,357613
2587808,357817
2587842,358021
2588299,358225
2588534,358429
2588711,358633
2590900,358837
2591109,359041
2592345,359245
2592382,359449
2593652,359653
2593653,359857
2594003,360061
2594042,360265
2594795,360469
2594883,360673
2596890,360877
2596912,361081
2596916,361285
2597660,361489
2598579,361693
2598861,361897
259901,362101
2599293,362305
2599296,362509
2599308,362713
2600177,362917
260149,363121
2601575,363325
2601646,363529
2601668,363733
2601677,363937
2601894,364141
2601898,364345
2602016,364549
2603206,364753
260373,364957
2605946,365161
2606626,365365
2607662,365569
2610895,365773
2613965,365977
2614693,366181
261726,366385
261964,366589
264636,366793
264729,366997
2651284,367201
2652177,367405
2652803,367609
265294,367813
2653507,368017
2654547,368221
265606,368425
265877,368629
265883,368833
266,369037
266009,369241
2661630,369445
2662261,369649
2662283,369853
2663022,370057
2665156,370261
2665642,370465
2666138,370669
266809,370873
266951,371077
2674991,371281
2674997,371485
2675053,371689
2675054,371893
2675298,372097
2675331,372301
2675754,372505
2676868,372709
2681470,372913
2681766,373117
2682456,373321
2682776,373525
2682810,373729
2683272,373933
2683284,374137
2683590,374341
2684113,374545
2686077,374749
2686094,374953
2686365,375157
268748,375361
2690837,375565
269145,375769
2692125,375973
2692330,376177
2692425,376381
269261,376585
2696063,376789
2696356,376993
269673,377197
2697032,377401
2697033,377605
2697043,377809
2697363,378013
2698458,378217
2698684,378421
2699430,378625
2704465,378829
2704468,379033
2706014,379237
2706523,379441
270673,379645
2706887,379849
2707525,380053
2708082,380257
2708110,380461
2708301,380665
270918,380869
2709410,381073
271065,381277
2710758,381481
2711215,381685
2711231,381889
2712222,382093
2712698,382297
2714353,382501
2714358,382705
2714927,382909
2714937,383113
2714941,383317
2714952,383521
2715131,383725
2715678,383929
2715679,384133
2715735,384337
2716227,384541
2716812,384745
2718,384949
2719989,385153
272131,385357
2721545,385561
2722751,385765
2724,385969
2725558,386173
2726954,386377
2728021,386581
2728827,386785
2728835,386989
27289,387193
2729421,387397
2731208,387601
2731377,387805
2731755,388009
2732067,388213
2732163,388417
2732591,388621
2732655,388825
2732707,389029
2732762,389233
2732775,389437
2732786,389641
2733315,389845
2733321,390049
2733322,390253
2733323,390457
2733327,390661
2733328,390865
2733333,391069
2733334,391273
2733335,391477
2733346,391681
2733347,391885
2733363,392089
2733365,392293
2733367,392497
2733369,392701
2733371,392905
2733372,393109
2733373,393313
2733375,393517
2733377,393721
2733575,393925
2733578,394129
2733580,394333
2733589,394537
2733591,394741
2733593,394945
2733595,395149
2733596,395353
2733597,395557
2733608,395761
2733609,395965
2733611,396169
2733614,396373
2733615,396577
2733616,396781
2733617,396985
2733625,397189
2733629,397393
2733640,397597
2733648,397801
2733651,398005
2733653,398209
2733655,398413
2733657,398617
2733662,398821
273376,399025
273384,399229
2733884,399433
2733886,399637
2733887,399841
2733888,400045
2733890,400249
2733892,400453
2733894,400657
2733895,400861
2733897,401065
2733899,401269
2733902,401473
2733904,401677
2733905,401881
2733916,402085
2733918,402289
2733920,402493
2733922,402697
2733923,402901
2733924,403105
2733925,403309
2733926,403513
2733927,403717
2733928,403921
2733930,404125
2733931,404329
2733932,404533
2733936,404737
2733939,404941
2733941,405145
2733944,405349
2733946,405553
2733947,405757
2733949,405961
2733953,406165
2733954,406369
2733955,406573
2733956,406777
2733958,406981
2733960,407185
2733963,407389
2733965,407593
2733967,407797
2733970,408001
2733971,408205
2733973,408409
2733974,408613
2733975,408817
2733976,409021
2733978,409225
2733994,409429
2733996,409633
2733998,409837
2734,410041
2734000,410245
2734002,410449
2734004,410653
2734005,410857
2734007,411061
2734018,411265
2734020,411469
2734029,411673
2734030,411877
2734031,412081
2734046,412285
2734048,412489
2734053,412693
2734056,412897
2734057,413101
2734061,413305
2734062,413509
2734063,413713
2734065,413917
2734067,414121
2734068,414325
2734069,414529
2734070,414733
2734071,414937
2734072,415141
2734073,415345
2734074,415549
2734076,415753
2734077,415957
2734078,416161
2734079,416365
2734081,416569
2734082,416773
2734083,416977
2734084,417181
2734085,417385
2734088,417589
2734089,417793
2734093,417997
2734095,418201
2734096,418405
2734097,418609
2734101,418813
2734102,419017
2734103,419221
2734105,419425
2734108,419629
2734109,419833
2734110,420037
2734111,420241
2734112,420445
2734114,420649
2734115,420853
2734116,421057
2734117,421261
2734118,421465
2734119,421669
2734120,421873
2734121,422077
2734124,422281
2734125,422485
2734126,422689
2734127,422893
2734129,423097
2734131,423301
2734134,423505
2734135,423709
2734136,423913
2734140,424117
2734142,424321
2734143,424525
2734144,424729
2734145,424933
2734146,425137
2734147,425341
2734148,425545
2734149,425749
2734150,425953
2734151,426157
2734153,426361
2734154,426565
2734158,426769
2734159,426973
2734160,427177
2734186,427381
2734187,427585
2734188,427789
2734190,427993
2734191,428197
2734192,428401
2734194,428605
2734199,428809
2734202,429013
2734203,429217
2734204,429421
2734207,429625
2734208,429829
2734211,430033
2734213,430237
2734214,430441
2734215,430645
2734216,430849
2734217,431053
2734218,431257
2734220,431461
2734222,431665
2734227,431869
2734229,432073
2734230,432277
2734231,432481
2734233,432685
2734235,432889
2734236,433093
2734237,433297
2734238,433501
2734239,433705
2734240,433909
2734241,434113
2734242,434317
2734243,434521
2734244,434725
2734245,434929
2734246,435133
2734247,435337
2734248,435541
2734249,435745
2734250,435949
2734251,436153
2734252,436357
2734254,436561
2734259,436765
2734261,436969
2734262,437173
2734265,437377
2734267,437581
2734268,437785
2734269,437989
2734271,438193
2734272,438397
2734273,438601
2734274,438805
2734275,439009
2734276,439213
2734277,439417
2734278,439621
2734279,439825
2734280,440029
2734283,440233
2734284,440437
2734286,440641
2734287,440845
2734291,441049
2734292,441253
2734351,441457
2734373,441661
2734374,441865
2734396,442069
2734398,442273
2734407,442477
2734410,442681
2734484,442885
2734500,443089
2734501,443293
2734502,443497
2734512,443701
2734513,443905
2734535,444109
2734536,444313
2734555,444517
2734566,444721
2734572,444925
2734573,445129
2734576,445333
2734584,445537
2734587,445741
2734588,445945
2734591,446149
2734593,446353
27350,446557
2735133,446761
2735436,446965
2735562,447169
2735563,447373
2736,447577
273810,447781
2738883,447985
2739061,448189
2739434,448393
274,448597
2740163,448801
2740515,449005
2740807,449209
2741717,449413
2742145,449617
2742204,449821
2742683,450025
2743,450229
2743090,450433
2743772,450637
2744027,450841
2744479,451045
2745133,451249
2745197,451453
2746,451657
2746072,451861
2746925,452065
2747210,452269
2747319,452473
2747323,452677
2747343,452881
2747493,453085
2748098,453289
2748760,453493
2748764,453697
2748958,453901
2748968,454105
2749086,454309
2749931,454513
2751313,454717
2755338,454921
2756,455125
2758038,455329
2758041,455533
2758440,455737
2758442,455941
2759707,456145
2760713,456349
2761539,456553
2761580,456757
2762277,456961
2762729,457165
2763056,457369
2763107,457573
2763667,457777
2763669,457981
2763670,458185
2763672,458389
2764705,458593
2767188,458797
277,459001
2770551,459205
2771361,459409
2771430,459613
2772557,459817
2773266,460021
2773299,460225
2774151,460429
2775080,460633
2778876,460837
2779360,461041
2779519,461245
2779527,461449
2780922,461653
2781390,461857
2782006,462061
2782163,462265
2784880,462469
2785025,462673
2789216,462877
2789776,463081
2789856,463285
2792603,463489
279280,463693
2792978,463897
279383,464101
2794344,464305
2795293,464509
279538,464713
2795690,464917
2796139,465121
2796927,465325
2798577,465529
280036,465733
280236,465937
28038,466141
280473,466345
28049,466549
2806210,466753
2806552,466957
2806609,467161
28068,467365
280701,467569
2807096,467773
2807512,467977
280754,468181
2807626,468385
28077,468589
2809020,468793
2809707,468997
2810512,469201
2810562,469405
2811108,469609
2811111,469813
28112,470017
281120,470221
2811415,470425
28118,470629
28132,470833
2813371,471037
2813578,471241
2815577,471445
2816908,471649
2818388,471853
28187,472057
2819238,472261
28197,472465
28199,472669
2820278,472873
2820661,473077
2820710,473281
2820884,473485
28223,473689
28227,473893
28229,474097
28251,474301
28262,474505
2828656,474709
28295,474913
2829569,475117
2829795,475321
2829812,475525
2830842,475729
2831148,475933
28321,476137
2834459,476341
2834768,476545
28355,476749
2835787,476953
283811,477157
2838156,477361
2839024,477565
284016,477769
2840183,477973
2841257,478177
2841264,478381
2841282,478585
2841283,478789
2841302,478993
2841303,479197
2843215,479401
2843330,479605
2843613,479809
2843619,480013
2843621,480217
2843625,480421
2843626,480625
2843628,480829
2843629,481033
2843630,481237
2843639,481441
2843640,481645
2843641,481849
2843643,482053
2843644,482257
2843645,482461
2843646,482665
2843653,482869
2843654,483073
2843657,483277
2843658,483481
2843668,483685
2843672,483889
2843674,484093
2843676,484297
2843679,484501
2843681,484705
2843682,484909
2843683,485113
2843684,485317
2843687,485521
2843690,485725
2843691,485929
2843692,486133
2843693,486337
2843695,486541
2843696,486745
2843700,486949
2843701,487153
2843704,487357
2843705,487561
2843707,487765
2843716,487969
2843718,488173
2843719,488377
2843722,488581
2843723,488785
2843726,488989
2843729,489193
2843731,489397
2843732,489601
2843733,489805
2843737,490009
2843739,490213
2843743,490417
2843747,490621
2843749,490825
2843750,491029
2843751,491233
2843752,491437
2843753,491641
2843754,491845
2843756,492049
2843757,492253
2843759,492457
2843760,492661
2843762,492865
2843765,493069
2843766,493273
2843771,493477
2843773,493681
2843775,493885
2843777,494089
2843778,494293
2843780,494497
2843781,494701
2843786,494905
2843787,495109
2843790,495313
2843791,495517
2843793,495721
2843794,495925
2843795,496129
2843803,496333
2843829,496537
2843832,496741
2843834,496945
2843835,497149
2843836,497353
2843837,497557
2843838,497761
2843839,497965
2843840,498169
2843841,498373
2843842,498577
2843845,498781
2843846,498985
2843848,499189
2843849,499393
2843850,499597
2843851,499801
2843855,500005
2843857,500209
2843858,500413
2843859,500617
2843860,500821
2843864,501025
2843865,501229
2843866,501433
2843867,501637
2843869,501841
2843872,502045
2843875,502249
2843878,502453
2843881,502657
2843882,502861
2843883,503065
2843890,503269
2843895,503473
2843896,503677
2843899,503881
2843900,504085
2843902,504289
2843903,504493
2843904,504697
2843905,504901
2843918,505105
2843919,505309
2843923,505513
2843924,505717
2843925,505921
2843927,506125
2843929,506329
2843935,506533
2843937,506737
2843939,506941
2843940,507145
2843942,507349
2843943,507553
2843944,507757
2843945,507961
2843946,508165
2843947,508369
2843949,508573
2843951,508777
2843953,508981
2843965,509185
2843969,509389
2843972,509593
2843973,509797
2843984,510001
2843988,510205
2843989,510409
2843990,510613
2843993,510817
2843995,511021
2844009,511225
2844013,511429
2844020,511633
2844030,511837
2844032,512041
2844037,512245
2844042,512449
2844049,512653
2844050,512857
2844051,513061
2844053,513265
2844054,513469
2844059,513673
2844063,513877
2844068,514081
2844069,514285
2844070,514489
2844071,514693
2844081,514897
2844082,515101
2844083,515305
2844084,515509
2844086,515713
2844087,515917
2844090,516121
2844091,516325
2844092,516529
2844093,516733
2844094,516937
2844096,517141
2844097,517345
2844098,517549
2844107,517753
2844108,517957
2844109,518161
2844116,518365
2844118,518569
2844120,518773
2844122,518977
2844125,519181
2844127,519385
2844136,519589
2844138,519793
2844144,519997
2844149,520201
2844152,520405
2844153,520609
2844154,520813
2844160,521017
2844161,521221
2844164,521425
2844165,521629
2844166,521833
2844167,522037
2844169,522241
2844170,522445
2844171,522649
2844172,522853
2844174,523057
2844175,523261
2844204,523465
2844233,523669
2844234,523873
2844247,524077
2844270,524281
2844273,524485
2844275,524689
2844276,524893
2844278,525097
2844279,525301
2844280,525505
2844281,525709
2844282,525913
2844284,526117
2844285,526321
2844286,526525
2844287,526729
2844288,526933
2844289,527137
2844291,527341
2844300,527545
2844302,527749
2844303,527953
2844304,528157
2844306,528361
2844309,528565
2844310,528769
2844311,528973
2844312,529177
2844405,529381
2844406,529585
2844407,529789
2844408,529993
2844522,530197
2844539,530401
2844554,530605
2844568,530809
28446,531013
2844612,531217
2844626,531421
2844641,531625
2844644,531829
2844645,532033
2844646,532237
2844649,532441
2844650,532645
2844652,532849
2844653,533053
2844654,533257
2844656,533461
2844657,533665
2844666,533869
2844673,534073
2844675,534277
2844677,534481
2844680,534685
28447,534889
2844760,535093
2844785,535297
2844793,535501
2844798,535705
2844808,535909
2844809,536113
2844810,536317
2844811,536521
2844816,536725
2844819,536929
2844820,537133
2844822,537337
2844825,537541
2844831,537745
2844832,537949
2844835,538153
2844838,538357
2844847,538561
2844856,538765
2844862,538969
2844963,539173
2844975,539377
2844979,539581
2844980,539785
2844981,539989
2844983,540193
2844985,540397
2844986,540601
2844988,540805
2844989,541009
2844994,541213
2845000,541417
2845003,541621
2845004,541825
2845005,542029
2845006,542233
2845008,542437
2845010,542641
2845012,542845
2845016,543049
2845018,543253
2845019,543457
2845020,543661
2845021,543865
2845023,544069
2845024,544273
2845025,544477
2845027,544681
2845028,544885
2845030,545089
2845031,545293
2845032,545497
2845035,545701
2845036,545905
2845037,546109
2845038,546313
2845039,546517
2845040,546721
2845043,546925
2845044,547129
2845046,547333
2845055,547537
2845056,547741
2845058,547945
2845059,548149
2845060,548353
2845062,548557
2845064,548761
2845065,548965
2845066,549169
2845069,549373
2845070,549577
2845071,549781
2845073,549985
2845079,550189
2845083,550393
2845088,550597
2845093,550801
2845095,551005
2845097,551209
2845099,551413
2845109,551617
2845112,551821
2845113,552025
2845114,552229
2845117,552433
2845118,552637
2845119,552841
2845120,553045
2845123,553249
2845126,553453
2845127,553657
2845128,553861
2845129,554065
2845131,554269
2845132,554473
2845133,554677
2845135,554881
2845136,555085
2845137,555289
2845138,555493
2845140,555697
2845143,555901
2845144,556105
2845146,556309
2845147,556513
2845151,556717
2845155,556921
2845184,557125
2845191,557329
2845386,557533
2845410,557737
2845427,557941
2845428,558145
2845441,558349
2845460,558553
2845482,558757
2845483,558961
2845484,559165
2845488,559369
2845491,559573
2845498,559777
2845499,559981
2845501,560185
2845502,560389
2845508,560593
2845510,560797
2845512,561001
2845517,561205
2845519,561409
2845520,561613
2845521,561817
2845526,562021
2845531,562225
2845532,562429
2845533,562633
2845534,562837
2845536,563041
2845538,563245
2845545,563449
2845548,563653
2845550,563857
2845552,564061
2845553,564265
2845556,564469
2845558,564673
2845559,564877
2845561,565081
2845564,565285
2845565,565489
2845569,565693
2845570,565897
2845573,566101
2845574,566305
2845575,566509
2845577,566713
2845578,566917
2845579,567121
2845580,567325
2845584,567529
2845585,567733
2845587,567937
2845588,568141
2845591,568345
2845604,568549
2845607,568753
2845608,568957
2845610,569161
2845613,569365
2845615,569569
2845617,569773
2845625,569977
2845627,570181
2845631,570385
2845635,570589
2845636,570793
2845638,570997
2845639,571201
2845643,571405
2845647,571609
2845648,571813
2845649,572017
2845650,572221
2845652,572425
2845653,572629
2845655,572833
2845656,573037
2845657,573241
2845660,573445
2845661,573649
2845663,573853
2845664,574057
2845665,574261
2845669,574465
2845670,574669
2845671,574873
2845672,575077
2845673,575281
2845674,575485
2845676,575689
2845678,575893
2845679,576097
2845680,576301
2845681,576505
2845682,576709
2845684,576913
2845685,577117
2845688,577321
2845692,577525
2845693,577729
2845694,577933
2845695,578137
2845696,578341
2845697,578545
2845698,578749
2845700,578953
2845702,579157
2845703,579361
2845713,579565
2845714,579769
2845715,579973
2845716,580177
2845717,580381
2845718,580585
2845720,580789
2845724,580993
2845728,581197
2845734,581401
2845743,581605
2845749,581809
2845751,582013
2845752,582217
2845753,582421
2845755,582625
2845756,582829
2845758,583033
2845768,583237
2845769,583441
2845771,583645
2845773,583849
2845776,584053
2845780,584257
2845781,584461
2845783,584665
2845793,584869
2845798,585073
2845801,585277
2845804,585481
2845831,585685
2845833,585889
2845835,586093
2845838,586297
2845841,586501
2845843,586705
2845844,586909
2845848,587113
2845851,587317
2845854,587521
2845858,587725
2845860,587929
2845861,588133
2845862,588337
2845867,588541
2845868,588745
2845870,588949
2845872,589153
2845873,589357
2845939,589561
2845941,589765
2845947,589969
2845949,590173
2845951,590377
2845952,590581
2845954,590785
2845959,590989
2845961,591193
2845962,591397
2845967,591601
2845969,591805
2845970,592009
2845972,592213
2845974,592417
2845978,592621
2845985,592825
2845986,593029
2845988,593233
2845989,593437
2845990,593641
2845992,593845
2846003,594049
2846015,594253
2846017,594457
2846027,594661
2846035,594865
2846037,595069
2846038,595273
2846039,595477
2846040,595681
2846044,595885
2846049,596089
2846050,596293
2846054,596497
2846055,596701
2846059,596905
2846061,597109
2846063,597313
2846064,597517
2846065,597721
2846066,597925
2846068,598129
2846069,598333
2846071,598537
2846075,598741
2846076,598945
2846079,599149
2846104,599353
2846123,599557
2846144,599761
2846146,599965
2846149,600169
2846161,600373
2846166,600577
2846168,600781
2846169,600985
2846170,601189
2846171,601393
2846172,601597
2846174,601801
2846176,602005
2846177,602209
2846179,602413
2846180,602617
2846184,602821
2846185,603025
2846187,603229
2846190,603433
2846191,603637
2846193,603841
2846194,604045
2846196,604249
2846208,604453
2846209,604657
2846210,604861
2846213,605065
2846215,605269
2846216,605473
2846217,605677
2846226,605881
2846231,606085
2846232,606289
2846233,606493
2846234,606697
2846235,606901
2846236,607105
2846237,607309
2846239,607513
2846241,607717
2846243,607921
2846269,608125
2846291,608329
2846383,608533
2846386,608737
2846388,608941
2846391,609145
2846392,609349
2846393,609553
2846395,609757
2846396,609961
2846399,610165
2846404,610369
2846405,610573
2846406,610777
2846410,610981
2846413,611185
2846414,611389
2846415,611593
2846417,611797
2846418,612001
2846420,612205
2846423,612409
2846424,612613
2846425,612817
2846426,613021
2846427,613225
2846428,613429
2846429,613633
2846431,613837
2846434,614041
2846435,614245
2846436,614449
2846437,614653
2846438,614857
2846439,615061
2846440,615265
2846441,615469
2846442,615673
2846443,615877
2846445,616081
2846446,616285
2846447,616489
2846449,616693
2846450,616897
2846451,617101
2846454,617305
2846455,617509
2846576,617713
2846579,617917
2846580,618121
2846581,618325
2846583,618529
2846584,618733
2846585,618937
2846587,619141
2846594,619345
2846595,619549
2846596,619753
2846597,619957
2846600,620161
2846601,620365
2846603,620569
2846604,620773
2846606,620977
2846607,621181
2846608,621385
2846610,621589
2846612,621793
2846617,621997
2846620,622201
2846621,622405
2846622,622609
2846623,622813
2846624,623017
2846639,623221
2846657,623425
2846660,623629
2846661,623833
2846662,624037
2846663,624241
2846664,624445
2846665,624649
2846666,624853
2846669,625057
2846670,625261
2846671,625465
2846672,625669
2846673,625873
2846675,626077
2846676,626281
2846677,626485
2846678,626689
2846683,626893
2846685,627097
2846689,627301
2846691,627505
2846693,627709
2846699,627913
2846739,628117
2846775,628321
284688,628525
2847778,628729
2847992,628933
2849779,629137
2850,629341
285091,629545
2853258,629749
2856823,629953
2857064,630157
2857077,630361
2862509,630565
2862869,630769
2864201,630973
2866311,631177
2866588,631381
2866627,631585
286802,631789
287,631993
2871826,632197
2874213,632401
2874846,632605
2875540,632809
2875962,633013
2876193,633217
2877939,633421
2880008,633625
288004,633829
2881056,634033
2881234,634237
2881428,634441
2884022,634645
2884876,634849
2885951,635053
2886352,635257
28873,635461
288965,635665
28901,635869
2891570,636073
2893202,636277
2894156,636481
289435,636685
2895352,636889
2896848,637093
2898,637297
2898187,637501
28985,637705
2899121,637909
290053,638113
2900738,638317
2901142,638521
290400,638725
2904523,638929
2905121,639133
2906072,639337
2906798,639541
2908642,639745
2908648,639949
2916397,640153
2916754,640357
2916755,640561
29176,640765
2917790,640969
2917832,641173
2919598,641377
291990,641581
2923279,641785
2924031,641989
2924032,642193
29255,642397
292566,642601
2925830,642805
2926907,643009
292800,643213
2928472,643417
29288,643621
29291,643825
29303,644029
293091,644233
2931922,644437
2931930,644641
2931977,644845
29329,645049
2933293,645253
2933872,645457
2934315,645661
2934340,645865
2935863,646069
29360,646273
29394,646477
2940302,646681
29405,646885
2943192,647089
2944850,647293
2944914,647497
29459,647701
29471,647905
2949635,648109
2949664,648313
2950108,648517
29510,648721
2951978,648925
2953674,649129
2953753,649333
29539,649537
29543,649741
29546,649945
29549,650149
2955190,650353
29552,650557
2955235,650761
2955236,650965
2955237,651169
2955246,651373
2955263,651577
2955284,651781
2955291,651985
2955294,652189
2955318,652393
2955324,652597
2955329,652801
2955330,653005
2955355,653209
2955357,653413
2955358,653617
2955361,653821
2955362,654025
2955363,654229
2955364,654433
2955374,654637
2955377,654841
2955379,655045
2955380,655249
2955391,655453
2955393,655657
29554,655861
2955410,656065
2955413,656269
2955419,656473
2955426,656677
2955454,656881
2955457,657085
2955465,657289
2955476,657493
2955492,657697
2955496,657901
2955497,658105
2955513,658309
2955535,658513
2955536,658717
2955537,658921
2955538,659125
2955547,659329
2955566,659533
2955570,659737
2955571,659941
2955581,660145
2955582,660349
2955592,660553
2955593,660757
2955594,660961
2955597,661165
2955598,661369
2955599,661573
2955600,661777
2955602,661981
2955604,662185
2955700,662389
2955702,662593
2955706,662797
2955709,663001
2955710,663205
2955720,663409
2955728,663613
2955736,663817
2955737,664021
2955738,664225
2955742,664429
2955744,664633
2955746,664837
2955747,665041
2955750,665245
2955751,665449
2955753,665653
2955763,665857
2955764,666061
2955796,666265
2955840,666469
2955841,666673
2955842,666877
2955843,667081
2955845,667285
2955846,667489
2955847,667693
2955848,667897
2955859,668101
2955860,668305
2955862,668509
2955863,668713
2955871,668917
2955872,669121
2955874,669325
2955875,669529
2955881,669733
2955887,669937
2955888,670141
2955891,670345
2955912,670549
2955917,670753
2955918,670957
2955922,671161
2955924,671365
2955927,671569
2955929,671773
2955935,671977
2955940,672181
2955942,672385
2955943,672589
2955944,672793
2955946,672997
2955947,673201
2955953,673405
2955956,673609
2955958,673813
2955959,674017
295596,674221
2955961,674425
2955964,674629
2955965,674833
2955966,675037
2955967,675241
2955968,675445
2955970,675649
2955971,675853
2955972,676057
2955979,676261
2955982,676465
2955984,676669
2955985,676873
2955986,677077
2955987,677281
2955988,677485
2955989,677689
2955990,677893
2955992,678097
2955993,678301
2955994,678505
2955998,678709
2956000,678913
2956010,679117
2956015,679321
2956041,679525
2956043,679729
2956045,679933
2956049,680137
2956052,680341
2956053,680545
2956056,680749
2956058,680953
2956059,681157
2956062,681361
2956068,681565
2956092,681769
2956095,681973
2956096,682177
2956098,682381
2956100,682585
2956101,682789
2956102,682993
2956105,683197
2956108,683401
2956122,683605
2956123,683809
2956125,684013
2956126,684217
2956130,684421
2956131,684625
2956134,684829
2956138,685033
2956139,685237
2956144,685441
2956146,685645
2956148,685849
2956181,686053
2956185,686257
2956186,686461
2956187,686665
2956188,686869
2956190,687073
2956191,687277
2956195,687481
2956196,687685
2956197,687889
2956199,688093
2956200,688297
2956206,688501
2956208,688705
2956210,688909
2956212,689113
2956213,689317
2956214,689521
2956221,689725
2956223,689929
2956224,690133
2956229,690337
2956232,690541
2956234,690745
2956235,690949
2956240,691153
2956245,691357
2956252,691561
2956262,691765
2956265,691969
2956268,692173
2956282,692377
2956283,692581
2956300,692785
2956310,692989
2956312,693193
2956313,693397
2956314,693601
2956315,693805
2956317,694009
2956318,694213
2956325,694417
2956326,694621
2956327,694825
2956330,695029
2956343,695233
2956344,695437
2956346,695641
2956351,695845
2956352,696049
2956355,696253
2956357,696457
2956359,696661
2956364,696865
2956367,697069
2956368,697273
2956372,697477
2956374,697681
2956376,697885
2956382,698089
2956385,698293
2956386,698497
2956387,698701
2956388,698905
2956389,699109
2956396,699313
2956398,699517
2956399,699721
2956401,699925
2956425,700129
2956426,700333
2956429,700537
2956430,700741
2956431,700945
2956433,701149
2956437,701353
2956439,701557
2956442,701761
2956443,701965
2956444,702169
2956445,702373
2956449,702577
2956453,702781
2956458,702985
2956463,703189
2956465,703393
2956469,703597
2956470,703801
2956473,704005
2956475,704209
2956486,704413
2956487,704617
2956489,704821
2956490,705025
2956521,705229
2956529,705433
2956534,705637
2956537,705841
2956538,706045
2956539,706249
2956542,706453
2956543,706657
2956546,706861
2956556,707065
2956558,707269
2956575,707473
2956576,707677
2956579,707881
2956619,708085
2956628,708289
2956629,708493
2956630,708697
2956633,708901
2956634,709105
2956636,709309
2956645,709513
2956649,709717
2956672,709921
2956679,710125
2956698,710329
2956699,710533
2956700,710737
2956701,710941
2956702,711145
2956703,711349
2956706,711553
2956707,711757
2956710,711961
2956712,712165
2956798,712369
2961574,712573
2961595,712777
2962671,712981
2962673,713185
2963434,713389
2966552,713593
296745,713797
297,714001
2970906,714205
2974023,714409
2974039,714613
2975055,714817
2975157,715021
2976241,715225
2976982,715429
2979464,715633
2980027,715837
2980099,716041
2980100,716245
2981137,716449
2981138,716653
298331,716857
298338,717061
2984951,717265
2985506,717469
298654,717673
2986923,717877
2986949,718081
299262,718285
2994555,718489
2995304,718693
2999116,718897
300019,719101
300180,719305
300186,719509
300231,719713
3003601,719917
3004129,720121
3015160,720325
3015995,720529
3022676,720733
3022791,720937
3024400,721141
3025782,721345
3028315,721549
3028735,721753
3029084,721957
3031917,722161
3031919,722365
3034023,722569
3035694,722773
3036126,722977
3036945,723181
3037797,723385
3039386,723589
3039851,723793
3040677,723997
3040935,724201
3041175,724405
3041435,724609
304207,724813
3042615,725017
304399,725221
3045146,725425
3045816,725629
3045953,725833
3047343,726037
3047688,726241
3047689,726445
3047693,726649
3047694,726853
3047701,727057
3047716,727261
3047724,727465
3047736,727669
3047742,727873
3047743,728077
3047744,728281
3047755,728485
3047757,728689
3047758,728893
3047771,729097
3047780,729301
3047782,729505
3047794,729709
3047811,729913
3047818,730117
3047836,730321
3047838,730525
3047840,730729
3047842,730933
3047853,731137
3047860,731341
3047949,731545
3047951,731749
3048007,731953
3048148,732157
3048151,732361
3048161,732565
3048190,732769
3048191,732973
3048203,733177
3048222,733381
3048227,733585
3048230,733789
3048238,733993
3048242,734197
3048243,734401
3048247,734605
3048250,734809
3048254,735013
3048255,735217
3048260,735421
3048265,735625
3048295,735829
3048297,736033
3048298,736237
3048299,736441
3048303,736645
3048307,736849
3048309,737053
3048320,737257
3048322,737461
3048333,737665
3048343,737869
3048357,738073
3048359,738277
3048365,738481
3048369,738685
3048371,738889
3048378,739093
3048379,739297
3048380,739501
3048407,739705
3048408,739909
3048409,740113
3048411,740317
3048412,740521
3048413,740725
3048446,740929
3048448,741133
3048452,741337
3048456,741541
3048462,741745
304895,741949
3049952,742153
3050072,742357
3050134,742561
3050245,742765
3050248,742969
3050250,743173
3050271,743377
3050272,743581
3050273,743785
3050281,743989
3050288,744193
3050290,744397
3050296,744601
3050300,744805
3050301,745009
3050305,745213
3050324,745417
3050331,745621
3050334,745825
3050344,746029
3050347,746233
3050351,746437
3050360,746641
3050362,746845
3051371,747049
3051383,747253
3051404,747457
3051410,747661
3051412,747865
3051624,748069
3051975,748273
3051977,748477
3051980,748681
3051983,748885
3051995,749089
3052000,749293
3052025,749497
3052045,749701
3052086,749905
3052099,750109
3052115,750313
3052116,750517
3052136,750721
3052142,750925
3052148,751129
3052172,751333
3052181,751537
3052182,751741
3052183,751945
3052184,752149
3052186,752353
3052189,752557
3052195,752761
3052202,752965
3052205,753169
3052209,753373
3052212,753577
3052214,753781
3052220,753985
3052223,754189
3052230,754393
3052240,754597
3052243,754801
3052245,755005
3052246,755209
3052248,755413
3052249,755617
3052250,755821
3052252,756025
3052253,756229
3052256,756433
3052260,756637
3052269,756841
3052270,757045
3052273,757249
3052279,757453
3052280,757657
3052282,757861
3052303,758065
3052334,758269
3052338,758473
3052340,758677
3052345,758881
3052348,759085
3052349,759289
3052350,759493
3052354,759697
3052361,759901
3052362,760105
3052366,760309
3052381,760513
3052460,760717
3052505,760921
3052514,761125
3052543,761329
3052558,761533
3052566,761737
3052591,761941
3052593,762145
3052602,762349
3052603,762553
3052610,762757
3052615,762961
3052621,763165
3052632,763369
3052676,763573
3052691,763777
3052700,763981
3052703,764185
3052717,764389
3052724,764593
3052728,764797
3052734,765001
3052737,765205
3052740,765409
3052741,765613
3052742,765817
3052745,766021
3052746,766225
3052748,766429
3052749,766633
3052750,766837
3052753,767041
3052755,767245
3052756,767449
3052757,767653
3052758,767857
3052762,768061
3052770,768265
3052775,768469
3052776,768673
3052777,768877
3052778,769081
3052789,769285
3052811,769489
3052813,769693
3052821,769897
3052826,770101
3052827,770305
3052828,770509
3052830,770713
3053655,770917
305785,771121
3058190,771325
3058420,771529
307486,771733
309805,771937
309806,772141
310575,772345
310750,772549
310783,772753
311180,772957
311182,773161
311226,773365
311229,773569
311400,773773
312185,773977
313588,774181
313985,774385
31532,774589
31535,774793
31537,774997
315953,775201
316068,775405
316277,775609
31713,775813
31721,776017
318829,776221
31909,776425
31998,776629
320122,776833
32025,777037
320324,777241
32046,777445
320497,777649
323118,777853
323415,778057
324900,778261
32625,778465
326320,778669
328813,778873
329853,779077
33007,779281
33010,779485
33025,779689
33033,779893
33037,780097
33038,780301
33045,780505
33070,780709
33072,780913
33074,781117
33075,781321
33169,781525
331696,781729
332032,781933
332055,782137
332158,782341
332249,782545
332410,782749
333919,782953
333930,783157
334204,783361
334205,783565
334208,783769
334543,783973
336261,784177
336810,784381
336959,784585
336988,784789
33724,784993
33756,785197
33773,785401
338079,785605
338192,785809
338473,786013
338565,786217
338584,786421
338645,786625
33871,786829
338781,787033
33888,787237
33903,787441
33934,787645
33936,787849
33943,788053
33952,788257
33959,788461
33970,788665
33996,788869
34,789073
34018,789277
34029,789481
340345,789685
34038,789889
340435,790093
34070,790297
34073,790501
34085,790705
341045,790909
34105,791113
341721,791317
341938,791521
342409,791725
342564,791929
342950,792133
343403,792337
343874,792541
344022,792745
345201,792949
347328,793153
347534,793357
347962,793561
349221,793765
351052,793969
35128,794173
351604,794377
35238,794581
352475,794785
35258,794989
35288,795193
35297,795397
35343,795601
35350,795805
353800,796009
354,796213
354356,796417
355243,796621
355246,796825
35554,797029
35612,797233
356322,797437
35701,797641
357794,797845
35786,798049
35806,798253
35841,798457
358766,798661
359408,798865
36035,799069
361111,799273
361183,799477
362787,799681
36363,799885
36403,800089
36427,800293
364317,800497
364410,800701
36453,800905
365150,801109
365349,801313
36835,801517
36861,801721
36863,801925
36873,802129
369960,802333
370038,802537
370405,802741
370777,802945
371036,803149
37128,803353
37206,803557
37329,803761
373407,803965
373994,804169
374422,804373
37482,804577
37487,804781
375175,804985
37554,805189
375929,805393
376489,805597
376490,805801
37665,806005
376805,806209
376820,806413
37692,806617
37727,806821
37734,807025
377615,807229
379064,807433
37927,807637
37931,807841
379347,808045
379547,808249
37961,808453
379893,808657
381046,808861
382,809065
38289,809269
385025,809473
386487,809677
386490,809881
386891,810085
387092,810289
387341,810493
387343,810697
38804,810901
388408,811105
388413,811309
388452,811513
38986,811717
390157,811921
390884,812125
39122,812329
391228,812533
391953,812737
392593,812941
393598,813145
393662,813349
393765,813553
39444,813757
39483,813961
39485,814165
39488,814369
395631,814573
395922,814777
39640,814981
39669,815185
39720,815389
397260,815593
39766,815797
39775,816001
397865,816205
398,816409
39804,816613
398743,816817
398839,817021
399,817225
399736,817429
400092,817633
40051,817837
400567,818041
400770,818245
40091,818449
400946,818653
40137,818857
401471,819061
401619,819265
405,819469
405212,819673
40523,819877
40537,820081
40542,820285
405554,820489
40559,820693
40567,820897
40577,821101
40631,821305
406340,821509
406548,821713
407035,821917
41,822121
410072,822325
411153,822529
411483,822733
41202,822937
412034,823141
412384,823345
412593,823549
412690,823753
412963,823957
412965,824161
413810,824365
413882,824569
414,824773
414970,824977
414996,825181
415229,825385
416213,825589
41675,825793
417280,825997
41764,826201
418699,826405
418701,826609
419479,826813
41977,827017
421,827221
421010,827425
421628,827629
42253,827833
42260,828037
423351,828241
423605,828445
42374,828649
42422,828853
42443,829057
42475,829261
426,829465
426114,829669
427923,829873
42838,830077
428712,830281
42882,830485
43,830689
430679,830893
43080,831097
431317,831301
432096,831505
43305,831709
43357,831913
436,832117
43669,832321
43674,832525
437505,832729
43767,832933
437897,833137
438482,833341
43948,833545
44001,833749
44012,833953
440250,834157
441209,834361
442,834565
442302,834769
443156,834973
445710,835177
446660,835381
446683,835585
446692,835789
44689,835993
447471,836197
44930,836401
450,836605
450734,836809
453162,837013
453230,837217
453304,837421
453816,837625
454128,837829
454155,838033
454171,838237
454601,838441
45497,838645
45656,838849
45663,839053
456827,839257
456999,839461
457083,839665
458033,839869
46014,840073
460519,840277
46124,840481
46125,840685
46165,840889
463,841093
46342,841297
46448,841501
464988,841705
465721,841909
466051,842113
466153,842317
46632,842521
467094,842725
467976,842929
471189,843133
471827,843337
472569,843541
472834,843745
475088,843949
47671,844153
47735,844357
477641,844561
477680,844765
477976,844969
47850,845173
47960,845377
48,845581
480520,845785
482957,845989
48296,846193
483537,846397
483545,846601
483547,846805
485447,847009
487686,847213
48935,847417
4896,847621
489910,847825
490103,848029
4909,848233
491003,848437
49118,848641
4924,848845
49267,849049
49319,849253
4932,849457
49338,849661
4950,849865
4952,850069
4956,850273
4959,850477
496014,850681
496056,850885
496866,851089
497725,851293
497727,851497
498019,851701
498846,851905
499229,852109
499555,852313
500,852517
50339,852721
504468,852925
505,853129
508419,853333
511,853537
511062,853741
511435,853945
51173,854149
511746,854353
51197,854557
51229,854761
5141,854965
51515,855169
516075,855373
51664,855577
51665,855781
51669,855985
519472,856189
52,856393
52022,856597
5207,856801
521689,857005
521720,857209
5270,857413
529884,857617
530584,857821
531813,858025
533,858229
53336,858433
53358,858637
53362,858841
53399,859045
53442,859249
53444,859453
53461,859657
53501,859861
535744,860065
536044,860269
53635,860473
538381,860677
53953,860881
54005,861085
540068,861289
540747,861493
54120,861697
542,861901
54248,862105
54252,862309
54254,862513
54261,862717
54299,862921
543877,863125
545,863329
545619,863533
546871,863737
547143,863941
547188,864145
5478,864349
548915,864553
5499,864757
551760,864961
55206,865165
552525,865369
553,865573
553814,865777
553981,865981
55508,866185
55510,866389
55529,866593
555573,866797
55583,867001
556,867205
556287,867409
556325,867613
556499,867817
55951,868021
55987,868225
56,868429
561061,868633
561184,868837
561996,869041
562,869245
563,869449
563177,869653
564137,869857
56438,870061
56459,870265
565,870469
566,870673
56636,870877
5664,871081
569,871285
5691,871489
569860,871693
570267,871897
570278,872101
57029,872305
571177,872509
571913,872713
5722,872917
573,873121
573501,873325
573658,873529
5741,873733
57478,873937
57480,874141
575378,874345
576131,874549
576611,874753
57705,874957
577489,875161
5807,875365
5811,875569
58138,875773
58180,875977
582,876181
584,876385
585455,876589
5855,876793
5865,876997
5874,877201
5888,877405
588898,877609
591197,877813
593909,878017
594679,878221
59505,878425
59509,878629
595468,878833
59600,879037
59610,879241
59754,879445
59930,879649
6035,879853
604330,880057
60847,880261
60890,880465
60893,880669
60920,880873
61435,881077
61635,881281
61648,881485
616991,881689
617123,881893
62088,882097
62099,882301
62140,882505
622488,882709
623,882913
62320,883117
624134,883321
626937,883525
63,883729
631345,883933
63186,884137
632,884341
632112,884545
63363,884749
634113,884953
63612,885157
63745,885361
637971,885565
638358,885769
638849,885973
639200,886177
639313,886381
64003,886585
64160,886789
64186,886993
642780,887197
64318,887401
644610,887605
645517,887809
649756,888013
649841,888217
650121,888421
65093,888625
651143,888829
651457,889033
651666,889237
651822,889441
65467,889645
655015,889849
65553,890053
65555,890257
656366,890461
658062,890665
661191,890869
661488,891073
66219,891277
663364,891481
663557,891685
665914,891889
666685,892093
667093,892297
66797,892501
668,892705
669359,892909
669502,893113
671077,893317
673,893521
673862,893725
674079,893929
674703,894133
674954,894337
674971,894541
675060,894745
67571,894949
67585,895153
675864,895357
676208,895561
682798,895765
683846,895969
68402,896173
686985,896377
691956,896581
691958,896785
692036,896989
69223,897193
692370,897397
693066,897601
693075,897805
693627,898009
694009,898213
694014,898417
694581,898621
69499,898825
69525,899029
696863,899233
69781,899437
69823,899641
698828,899845
69966,900049
7,900253
700542,900457
703,900661
70734,900865
70796,901069
70799,901273
708113,901477
708131,901681
712157,901885
713089,902089
713887,902293
714,902497
715451,902701
716,902905
71667,903109
716816,903313
718192,903517
71999,903721
72,903925
72557,904129
727,904333
728,904537
731,904741
73141,904945
73498,905149
738,905353
73919,905557
74033,905761
743023,905965
74313,906169
74318,906373
74426,906577
74501,906781
745377,906985
746128,907189
747,907393
74700,907597
747548,907801
748280,908005
748811,908209
75385,908413
754429,908617
754477,908821
755307,909025
75697,909229
758793,909433
76123,909637
76259,909841
762954,910045
76731,910249
76775,910453
767892,910657
76859,910861
76887,911065
770,911269
777,911473
781,911677
78258,911881
78259,912085
784,912289
78541,912493
78579,912697
78587,912901
79209,913105
79329,913309
796027,913513
79604,913717
79883,913921
79885,914125
80679,914329
80816,914533
80849,914737
80866,914941
80867,915145
80880,915349
80884,915553
81032,915757
813,915961
81412,916165
81462,916369
81468,916573
81475,916777
82135,916981
823,917185
826,917389
82654,917593
82676,917797
82801,918001
82977,918205
82983,918409
82985,918613
82996,918817
83171,919021
83191,919225
83263,919429
833,919633
83453,919837
83552,920041
83561,920245
83655,920449
837,920653
83771,920857
83984,921061
84030,921265
84032,921469
84110,921673
84135,921877
84156,922081
84159,922285
84163,922489
84378,922693
844,922897
84405,923101
84531,923305
84590,923509
847,923713
84757,923917
84980,924121
85085,924325
85404,924529
85652,924733
85683,924937
857417,925141
85874,925345
859144,925549
859650,925753
860235,925957
861044,926161
861047,926365
861299,926569
86170,926773
863,926977
86304,927181
86332,927385
863643,927589
865,927793
86665,927997
869888,928201
869889,928405
870,928609
870903,928813
873,929017
875328,929221
877455,929425
879,929629
880,929833
881,930037
882768,930241
88431,930445
884684,930649
885040,930853
889453,931057
89093,931261
89152,931465
89184,931669
894,931873
89586,932077
897,932281
899,932485
9,932689
90244,932893
905,933097
907,933301
90736,933505
90961,933709
911092,933913
913,934117
913107,934321
915,934525
915293,934729
91604,934933
91844,935137
91915,935341
921,935545
926474,935749
926844,935953
927,936157
927083,936361
92945,936565
929813,936769
930802,936973
930972,937177
931531,937381
93220,937585
934027,937789
936456,937993
938288,938197
938406,938401
93929,938605
94,938809
940,939013
940614,939217
94132,939421
941907,939625
94254,939829
943830,940033
944,940237
945962,940441
94624,940645
946333,940849
94643,941053
948519,941257
951,941461
95342,941665
959,941869
960,942073
97084,942277
971279,942481
97195,942685
97393,942889
97477,943093
980251,943297
981385,943501
984,943705
98403,943909
985,944113
986,944317
98671,944521
991904,944725
995,944929
999,945133
