1682490,245188,-3.01941
NZ_AP019536.1_0_0/1,1674922,-416.846
NZ_AP019536.1_1_0/1,1670800,-399.654
NZ_AP019536.1_2_0/1,1402135,-405.115
NZ_AP019536.1_3_0/1,1867719,-419.5
NZ_AP019536.1_4_0/1,2881234,-407.279
NZ_AP019536.1_5_0/1,1634516,-401.471
NZ_AP019536.1_6_0/1,655015,-394.152
NZ_AP019536.1_7_0/1,169176,-410.443
NZ_AP019536.1_8_0/1,1798205,-417.836
NZ_AP019536.1_9_0/1,655015,-407.749
NZ_AP019536.1_10_0/1,1634516,-402.64
NZ_AP019536.1_11_0/1,1674922,-416.748
NZ_AP019536.1_12_0/1,1510841,-413.405
NZ_AP019536.1_13_0/1,195913,-413.21
NZ_AP019536.1_14_0/1,3028735,-411.303
NZ_AP019536.1_15_0/1,1335048,-396.546
NZ_AP019536.1_16_0/1,2594003,-397.183
NZ_AP019536.1_17_0/1,2613965,-409.311
NZ_AP019536.1_18_0/1,674703,-413.408
NZ_AP019536.1_19_0/1,121719,-408.975
NZ_AP019536.1_20_0/1,1549855,-424.92
NZ_AP019536.1_21_0/1,3024400,-409.633
NZ_AP019536.1_22_0/1,674703,-402.386
NZ_AP019536.1_23_0/1,2483033,-417.216
NZ_AP019536.1_24_0/1,1348774,-414.516
NZ_AP019536.1_0_1/1,2587842,-409.175
NZ_AP019536.1_1_1/1,1759059,-409.802
NZ_AP019536.1_2_1/1,1896196,-406.178
NZ_AP019536.1_3_1/1,2856823,-409.935
NZ_AP019536.1_4_1/1,2986923,-412.685
NZ_AP019536.1_5_1/1,2857064,-416.719
NZ_AP019536.1_6_1/1,1813451,-415.271
NZ_AP019536.1_7_1/1,1225128,-389.264
NZ_AP019536.1_8_1/1,1549855,-426.132
NZ_AP019536.1_9_1/1,1674922,-414.623
NZ_AP019536.1_10_1/1,2834768,-430.943
NZ_AP019536.1_11_1/1,2594003,-403.985
NZ_AP019536.1_12_1/1,2220096,-402.088
NZ_AP019536.1_13_1/1,2528642,-410.468
NZ_AP019536.1_14_1/1,7,-400.576
NZ_AP019536.1_15_1/1,1384459,-414.161
NZ_AP019536.1_16_1/1,121719,-401.54
NZ_AP019536.1_17_1/1,1402135,-413.363
NZ_AP019536.1_18_1/1,2881234,-403.492
NZ_AP019536.1_19_1/1,1759059,-402.983
NZ_AP019536.1_20_1/1,1550728,-403.345
NZ_AP019536.1_21_1/1,2587842,-400.156
NZ_AP019536.1_22_1/1,60890,-419.064
NZ_AP019536.1_23_1/1,1917485,-406.106
NZ_AP019536.1_24_1/1,121719,-405.205
1682490,245188,-3.01941
NZ_AP019536.1_0_0/2,2587842,-417.001
NZ_AP019536.1_1_0/2,1550728,-406.452
NZ_AP019536.1_2_0/2,674703,-407.352
NZ_AP019536.1_3_0/2,2483033,-427.414
NZ_AP019536.1_4_0/2,1634516,-398.834
NZ_AP019536.1_5_0/2,1550728,-405.544
NZ_AP019536.1_6_0/2,7,-396.989
NZ_AP019536.1_7_0/2,655015,-394.048
NZ_AP019536.1_8_0/2,3039851,-424.649
NZ_AP019536.1_9_0/2,1510841,-410.177
NZ_AP019536.1_10_0/2,2220096,-409.772
NZ_AP019536.1_11_0/2,2594003,-412.273
NZ_AP019536.1_12_0/2,2724,-422.435
NZ_AP019536.1_13_0/2,1913578,-414.253
NZ_AP019536.1_14_0/2,1225128,-387.227
NZ_AP019536.1_15_0/2,2582913,-418.478
NZ_AP019536.1_16_0/2,1674922,-419.012
NZ_AP019536.1_17_0/2,1124597,-419.427
NZ_AP019536.1_18_0/2,442,-415.545
NZ_AP019536.1_19_0/2,40137,-411.109
NZ_AP019536.1_20_0/2,441209,-410.783
NZ_AP019536.1_21_0/2,1384459,-420.071
NZ_AP019536.1_22_0/2,1608628,-429.188
NZ_AP019536.1_23_0/2,2881234,-403.829
NZ_AP019536.1_24_0/2,2986923,-411.129
NZ_AP019536.1_0_1/2,1813451,-419.744
NZ_AP019536.1_1_1/2,1634516,-409.063
NZ_AP019536.1_2_1/2,2594003,-407.66
NZ_AP019536.1_3_1/2,2881234,-408.676
NZ_AP019536.1_4_1/2,2594003,-405.822
NZ_AP019536.1_5_1/2,542,-423.317
NZ_AP019536.1_6_1/2,1225128,-398.279
NZ_AP019536.1_7_1/2,2834768,-422.693
NZ_AP019536.1_8_1/2,1608628,-423.556
NZ_AP019536.1_9_1/2,2986923,-417.917
NZ_AP019536.1_10_1/2,674703,-403.745
NZ_AP019536.1_11_1/2,1867719,-421.365
NZ_AP019536.1_12_1/2,2857064,-413.563
NZ_AP019536.1_13_1/2,1550728,-407.304
NZ_AP019536.1_14_1/2,40137,-401.459
NZ_AP019536.1_15_1/2,195913,-420.474
NZ_AP019536.1_16_1/2,2220096,-403.414
NZ_AP019536.1_17_1/2,1591409,-418.425
NZ_AP019536.1_18_1/2,220697,-420.881
NZ_AP019536.1_19_1/2,2986923,-416.835
NZ_AP019536.1_20_1/2,1894999,-403.453
NZ_AP019536.1_21_1/2,2986923,-415.144
NZ_AP019536.1_22_1/2,81032,-412.24
NZ_AP019536.1_23_1/2,1826607,-405.237
NZ_AP019536.1_24_1/2,1759059,-403.878
158899,245188,-3.01941
NZ_CP013232.1_0_0/1,1177712,-421.41
NZ_CP013232.1_1_0/1,1288970,-413.597
NZ_CP013232.1_2_0/1,2528642,-405.652
NZ_CP013232.1_3_0/1,1225128,-395.086
NZ_CP013232.1_4_0/1,92945,-412.196
NZ_CP013232.1_5_0/1,2587842,-404.561
NZ_CP013232.1_6_0/1,42443,-417.546
NZ_CP013232.1_7_0/1,220697,-416.398
NZ_CP013232.1_8_0/1,1813451,-409.041
NZ_CP013232.1_9_0/1,2594003,-412.136
NZ_CP013232.1_10_0/1,2834768,-423.665
NZ_CP013232.1_11_0/1,2683284,-412.76
NZ_CP013232.1_12_0/1,2594003,-410.44
NZ_CP013232.1_13_0/1,2582913,-414.253
NZ_CP013232.1_14_0/1,2220096,-402.18
NZ_CP013232.1_15_0/1,2594003,-393.473
NZ_CP013232.1_16_0/1,2594003,-410.521
NZ_CP013232.1_17_0/1,1288970,-420.564
NZ_CP013232.1_18_0/1,3039851,-416.556
NZ_CP013232.1_19_0/1,266809,-412.331
NZ_CP013232.1_20_0/1,2697033,-420.214
NZ_CP013232.1_21_0/1,106592,-407.973
NZ_CP013232.1_22_0/1,1225128,-384.315
NZ_CP013232.1_23_0/1,121719,-407.258
NZ_CP013232.1_24_0/1,220697,-410.498
NZ_CP013232.1_0_1/1,1177712,-415.108
NZ_CP013232.1_1_1/1,1550728,-400.486
NZ_CP013232.1_2_1/1,1579316,-418.526
NZ_CP013232.1_3_1/1,121719,-403.512
NZ_CP013232.1_4_1/1,542,-431.056
NZ_CP013232.1_5_1/1,2594003,-405.311
NZ_CP013232.1_6_1/1,2594003,-401.797
NZ_CP013232.1_7_1/1,195913,-413.017
NZ_CP013232.1_8_1/1,2881234,-407.754
NZ_CP013232.1_9_1/1,1177712,-414.276
NZ_CP013232.1_10_1/1,92945,-392.055
NZ_CP013232.1_11_1/1,1288970,-418.027
NZ_CP013232.1_12_1/1,1913578,-415.599
NZ_CP013232.1_13_1/1,2233999,-411.421
NZ_CP013232.1_14_1/1,2582913,-414.612
NZ_CP013232.1_15_1/1,2594003,-402.537
NZ_CP013232.1_16_1/1,2697033,-423.858
NZ_CP013232.1_17_1/1,2594003,-398.972
NZ_CP013232.1_18_1/1,1225128,-378.754
NZ_CP013232.1_19_1/1,674703,-411.139
NZ_CP013232.1_20_1/1,2582913,-419.249
NZ_CP013232.1_21_1/1,2881234,-394.481
NZ_CP013232.1_22_1/1,388408,-418.583
NZ_CP013232.1_23_1/1,2594003,-401.706
NZ_CP013232.1_24_1/1,1798205,-421.068
158899,245188,-3.01941
NZ_CP013232.1_0_0/2,1402135,-405.996
NZ_CP013232.1_1_0/2,29459,-415.066
NZ_CP013232.1_2_0/2,2594003,-407.384
NZ_CP013232.1_3_0/2,2881234,-405.238
NZ_CP013232.1_4_0/2,2834768,-421.033
NZ_CP013232.1_5_0/2,1579316,-422.281
NZ_CP013232.1_6_0/2,1579316,-419.774
NZ_CP013232.1_7_0/2,245188,-409.647
NZ_CP013232.1_8_0/2,1225128,-397.245
NZ_CP013232.1_9_0/2,1550728,-389.308
NZ_CP013232.1_10_0/2,1674922,-417.659
NZ_CP013232.1_11_0/2,1510841,-408.638
NZ_CP013232.1_12_0/2,2594003,-403.819
NZ_CP013232.1_13_0/2,1177712,-409.696
NZ_CP013232.1_14_0/2,2881234,-407.006
NZ_CP013232.1_15_0/2,7,-398.733
NZ_CP013232.1_16_0/2,1898042,-421.97
NZ_CP013232.1_17_0/2,2834768,-420.764
NZ_CP013232.1_18_0/2,442,-415.708
NZ_CP013232.1_19_0/2,2834768,-424.983
NZ_CP013232.1_20_0/2,951,-424.48
NZ_CP013232.1_21_0/2,951,-421.673
NZ_CP013232.1_22_0/2,1225128,-361.827
NZ_CP013232.1_23_0/2,2587842,-409.924
NZ_CP013232.1_24_0/2,1674922,-405.863
NZ_CP013232.1_0_1/2,195913,-419.294
NZ_CP013232.1_1_1/2,2881234,-394.266
NZ_CP013232.1_2_1/2,1634516,-397.975
NZ_CP013232.1_3_1/2,1674922,-416.647
NZ_CP013232.1_4_1/2,2724,-427.457
NZ_CP013232.1_5_1/2,1759059,-407.111
NZ_CP013232.1_6_1/2,2594003,-406.162
NZ_CP013232.1_7_1/2,1225128,-391.07
NZ_CP013232.1_8_1/2,1898042,-425.994
NZ_CP013232.1_9_1/2,770,-428.204
NZ_CP013232.1_10_1/2,1225128,-384.314
NZ_CP013232.1_11_1/2,2220096,-411.354
NZ_CP013232.1_12_1/2,2881234,-414.676
NZ_CP013232.1_13_1/2,2594003,-404.751
NZ_CP013232.1_14_1/2,2789856,-406.247
NZ_CP013232.1_15_1/2,1225128,-380.431
NZ_CP013232.1_16_1/2,1898042,-421.438
NZ_CP013232.1_17_1/2,708113,-409.876
NZ_CP013232.1_18_1/2,770,-424.268
NZ_CP013232.1_19_1/2,1674922,-417.657
NZ_CP013232.1_20_1/2,1402135,-410.2
NZ_CP013232.1_21_1/2,1913578,-417.318
NZ_CP013232.1_22_1/2,1402135,-410.211
NZ_CP013232.1_23_1/2,442,-422.143
NZ_CP013232.1_24_1/2,92945,-413.702
413882,245188,-3.01941
NZ_CP011371.1_0_0/1,223967,-402.75
NZ_CP011371.1_1_0/1,106592,-406.881
NZ_CP011371.1_2_0/1,3058420,-406.847
NZ_CP011371.1_3_0/1,2233999,-399.571
NZ_CP011371.1_4_0/1,2588711,-397.669
NZ_CP011371.1_5_0/1,1670800,-401.203
NZ_CP011371.1_6_0/1,2579971,-395.896
NZ_CP011371.1_7_0/1,94,-375.262
NZ_CP011371.1_8_0/1,1112,-394.87
NZ_CP011371.1_9_0/1,1225128,-393.319
NZ_CP011371.1_10_0/1,2579971,-390.24
NZ_CP011371.1_11_0/1,2579971,-395.64
NZ_CP011371.1_12_0/1,3024400,-409.682
NZ_CP011371.1_13_0/1,1063,-386.819
NZ_CP011371.1_14_0/1,159346,-402.627
NZ_CP011371.1_15_0/1,1075,-400.061
NZ_CP011371.1_16_0/1,1674922,-420.795
NZ_CP011371.1_17_0/1,1112,-387.594
NZ_CP011371.1_18_0/1,1894999,-404.301
NZ_CP011371.1_19_0/1,2928472,-373.726
NZ_CP011371.1_20_0/1,94,-380.567
NZ_CP011371.1_21_0/1,2928472,-387.024
NZ_CP011371.1_22_0/1,1402135,-412.336
NZ_CP011371.1_23_0/1,2579971,-378.514
NZ_CP011371.1_24_0/1,1288970,-420.715
NZ_CP011371.1_0_1/1,1267768,-403.939
NZ_CP011371.1_1_1/1,2587842,-417.297
NZ_CP011371.1_2_1/1,1335048,-399.191
NZ_CP011371.1_3_1/1,1634516,-400.498
NZ_CP011371.1_4_1/1,2843330,-387.627
NZ_CP011371.1_5_1/1,1225128,-382.274
NZ_CP011371.1_6_1/1,94,-384.392
NZ_CP011371.1_7_1/1,2587842,-413.136
NZ_CP011371.1_8_1/1,2579971,-383.311
NZ_CP011371.1_9_1/1,2928472,-401.743
NZ_CP011371.1_10_1/1,94,-401.605
NZ_CP011371.1_11_1/1,1402135,-406.533
NZ_CP011371.1_12_1/1,2233999,-404.382
NZ_CP011371.1_13_1/1,2579971,-392.969
NZ_CP011371.1_14_1/1,2588711,-405.831
NZ_CP011371.1_15_1/1,1894999,-391.086
NZ_CP011371.1_16_1/1,1437009,-397.409
NZ_CP011371.1_17_1/1,1225128,-388.532
NZ_CP011371.1_18_1/1,2928472,-391.106
NZ_CP011371.1_19_1/1,159346,-397.523
NZ_CP011371.1_20_1/1,1177712,-414.752
NZ_CP011371.1_21_1/1,94,-387.231
NZ_CP011371.1_22_1/1,1813451,-407.926
NZ_CP011371.1_23_1/1,94,-360.573
NZ_CP011371.1_24_1/1,2843330,-380.667
413882,245188,-3.01941
NZ_CP011371.1_0_0/2,2233999,-401.59
NZ_CP011371.1_1_0/2,195913,-405.602
NZ_CP011371.1_2_0/2,1894999,-401.789
NZ_CP011371.1_3_0/2,1335048,-391.147
NZ_CP011371.1_4_0/2,121719,-397.613
NZ_CP011371.1_5_0/2,441209,-415.689
NZ_CP011371.1_6_0/2,208216,-416.967
NZ_CP011371.1_7_0/2,94,-389.843
NZ_CP011371.1_8_0/2,2528642,-411.121
NZ_CP011371.1_9_0/2,2588711,-404.473
NZ_CP011371.1_10_0/2,1402135,-403.612
NZ_CP011371.1_11_0/2,674703,-396.018
NZ_CP011371.1_12_0/2,655015,-414.639
NZ_CP011371.1_13_0/2,94,-381.511
NZ_CP011371.1_14_0/2,2587842,-406.618
NZ_CP011371.1_15_0/2,1674922,-417.377
NZ_CP011371.1_16_0/2,94,-394.133
NZ_CP011371.1_17_0/2,1075,-395.159
NZ_CP011371.1_18_0/2,2233999,-404.802
NZ_CP011371.1_19_0/2,921,-397.862
NZ_CP011371.1_20_0/2,1384459,-406.403
NZ_CP011371.1_21_0/2,1634516,-408.767
NZ_CP011371.1_22_0/2,2843330,-361.712
NZ_CP011371.1_23_0/2,1177712,-402.112
NZ_CP011371.1_24_0/2,2683284,-411.853
NZ_CP011371.1_0_1/2,2579971,-374.007
NZ_CP011371.1_1_1/2,2233999,-407.824
NZ_CP011371.1_2_1/2,94,-384.953
NZ_CP011371.1_3_1/2,1335048,-397.745
NZ_CP011371.1_4_1/2,94,-393.066
NZ_CP011371.1_5_1/2,2843330,-382.043
NZ_CP011371.1_6_1/2,1335048,-398.898
NZ_CP011371.1_7_1/2,1075,-393.612
NZ_CP011371.1_8_1/2,1550728,-399.207
NZ_CP011371.1_9_1/2,1402135,-408.44
NZ_CP011371.1_10_1/2,1917485,-410.279
NZ_CP011371.1_11_1/2,1826607,-392.288
NZ_CP011371.1_12_1/2,2928472,-390.473
NZ_CP011371.1_13_1/2,2928472,-400.51
NZ_CP011371.1_14_1/2,223967,-392.771
NZ_CP011371.1_15_1/2,2579971,-398.034
NZ_CP011371.1_16_1/2,1898042,-426.278
NZ_CP011371.1_17_1/2,94,-397.035
NZ_CP011371.1_18_1/2,2579971,-380.638
NZ_CP011371.1_19_1/2,1225128,-392.666
NZ_CP011371.1_20_1/2,1177712,-417.985
NZ_CP011371.1_21_1/2,561184,-409.344
NZ_CP011371.1_22_1/2,1798205,-420.099
NZ_CP011371.1_23_1/2,2579971,-391.515
NZ_CP011371.1_24_1/2,94,-396.349
2714952,245188,-3.01941
NZ_CP049919.1_0_0/1,1850238,-398.222
NZ_CP049919.1_1_0/1,106592,-414.397
NZ_CP049919.1_2_0/1,94,-383.88
NZ_CP049919.1_3_0/1,2220096,-398.145
NZ_CP049919.1_4_0/1,2762729,-409.447
NZ_CP049919.1_5_0/1,1225128,-386.5
NZ_CP049919.1_6_0/1,1084,-411.918
NZ_CP049919.1_7_0/1,2587842,-411.41
NZ_CP049919.1_8_0/1,2843330,-386.006
NZ_CP049919.1_9_0/1,29459,-416.767
NZ_CP049919.1_10_0/1,121719,-398.772
NZ_CP049919.1_11_0/1,1826607,-413.307
NZ_CP049919.1_12_0/1,2843330,-377.77
NZ_CP049919.1_13_0/1,1225128,-389.827
NZ_CP049919.1_14_0/1,94,-372.977
NZ_CP049919.1_15_0/1,2843330,-353.537
NZ_CP049919.1_16_0/1,2928472,-387.774
NZ_CP049919.1_17_0/1,1225128,-395.74
NZ_CP049919.1_18_0/1,2588711,-406.241
NZ_CP049919.1_19_0/1,1225128,-374.32
NZ_CP049919.1_20_0/1,1225128,-367.203
NZ_CP049919.1_21_0/1,1225128,-381.907
NZ_CP049919.1_22_0/1,94,-380.514
NZ_CP049919.1_23_0/1,1084,-408.204
NZ_CP049919.1_24_0/1,1075,-399.681
NZ_CP049919.1_0_1/1,1402135,-408.287
NZ_CP049919.1_1_1/1,2579971,-373.461
NZ_CP049919.1_2_1/1,1112,-391.8
NZ_CP049919.1_3_1/1,1084,-405.311
NZ_CP049919.1_4_1/1,94,-379.921
NZ_CP049919.1_5_1/1,2843330,-391.193
NZ_CP049919.1_6_1/1,1894999,-393.302
NZ_CP049919.1_7_1/1,2579971,-379.039
NZ_CP049919.1_8_1/1,121719,-405.597
NZ_CP049919.1_9_1/1,2928472,-385.903
NZ_CP049919.1_10_1/1,40137,-404.564
NZ_CP049919.1_11_1/1,1634516,-403.629
NZ_CP049919.1_12_1/1,94,-384.461
NZ_CP049919.1_13_1/1,1549855,-423.863
NZ_CP049919.1_14_1/1,1063,-385.903
NZ_CP049919.1_15_1/1,1510841,-411.614
NZ_CP049919.1_16_1/1,1894999,-402.413
NZ_CP049919.1_17_1/1,94,-394.05
NZ_CP049919.1_18_1/1,1225128,-392.197
NZ_CP049919.1_19_1/1,1225128,-392.67
NZ_CP049919.1_20_1/1,2928472,-379.569
NZ_CP049919.1_21_1/1,2528642,-396.762
NZ_CP049919.1_22_1/1,2843330,-379.566
NZ_CP049919.1_23_1/1,1225128,-390.673
NZ_CP049919.1_24_1/1,1550728,-400.774
2714952,245188,-3.01941
NZ_CP049919.1_0_0/2,2843330,-389.55
NZ_CP049919.1_1_0/2,2587842,-420.1
NZ_CP049919.1_2_0/2,1894999,-386.669
NZ_CP049919.1_3_0/2,1225128,-387.839
NZ_CP049919.1_4_0/2,1225128,-389.248
NZ_CP049919.1_5_0/2,1075,-391.288
NZ_CP049919.1_6_0/2,2220096,-407.045
NZ_CP049919.1_7_0/2,2748098,-401.465
NZ_CP049919.1_8_0/2,1075,-396.044
NZ_CP049919.1_9_0/2,2843330,-381.002
NZ_CP049919.1_10_0/2,2220096,-407.247
NZ_CP049919.1_11_0/2,1225128,-366.522
NZ_CP049919.1_12_0/2,1437009,-395.355
NZ_CP049919.1_13_0/2,94,-381.662
NZ_CP049919.1_14_0/2,1075,-396.18
NZ_CP049919.1_15_0/2,94,-392.738
NZ_CP049919.1_16_0/2,2220096,-395.583
NZ_CP049919.1_17_0/2,2843330,-367.541
NZ_CP049919.1_18_0/2,1225128,-380.281
NZ_CP049919.1_19_0/2,2928472,-383.756
NZ_CP049919.1_20_0/2,2594003,-396.607
NZ_CP049919.1_21_0/2,3058420,-405.707
NZ_CP049919.1_22_0/2,94,-391.054
NZ_CP049919.1_23_0/2,388408,-417.991
NZ_CP049919.1_24_0/2,1063,-390.195
NZ_CP049919.1_0_1/2,2220096,-409.935
NZ_CP049919.1_1_1/2,2579971,-378.867
NZ_CP049919.1_2_1/2,1288970,-417.788
NZ_CP049919.1_3_1/2,2795690,-398.221
NZ_CP049919.1_4_1/2,94,-368.214
NZ_CP049919.1_5_1/2,1225128,-377.6
NZ_CP049919.1_6_1/2,1225128,-369.946
NZ_CP049919.1_7_1/2,921,-402.962
NZ_CP049919.1_8_1/2,1225128,-391.842
NZ_CP049919.1_9_1/2,2594003,-406.106
NZ_CP049919.1_10_1/2,1608628,-419.018
NZ_CP049919.1_11_1/2,1225128,-376.91
NZ_CP049919.1_12_1/2,1225128,-390.531
NZ_CP049919.1_13_1/2,1894999,-392.592
NZ_CP049919.1_14_1/2,2928472,-394.46
NZ_CP049919.1_15_1/2,94,-399.775
NZ_CP049919.1_16_1/2,2579971,-377.913
NZ_CP049919.1_17_1/2,94,-385.106
NZ_CP049919.1_18_1/2,2579971,-389.379
NZ_CP049919.1_19_1/2,121719,-406.714
NZ_CP049919.1_20_1/2,1084,-411.302
NZ_CP049919.1_21_1/2,121719,-405.226
NZ_CP049919.1_22_1/2,2579971,-370.222
NZ_CP049919.1_23_1/2,1759059,-402.358
NZ_CP049919.1_24_1/2,94,-387.467
1842540,245188,-3.01941
NZ_CP016448.1_0_0/1,2528642,-409.114
NZ_CP016448.1_1_0/1,1402135,-401.461
NZ_CP016448.1_2_0/1,94,-389.958
NZ_CP016448.1_3_0/1,2928472,-393.867
NZ_CP016448.1_4_0/1,442,-417.104
NZ_CP016448.1_5_0/1,1894999,-398.823
NZ_CP016448.1_6_0/1,29459,-407.573
NZ_CP016448.1_7_0/1,2594003,-404.451
NZ_CP016448.1_8_0/1,121719,-412.453
NZ_CP016448.1_9_0/1,1437009,-379.393
NZ_CP016448.1_10_0/1,1084,-417.601
NZ_CP016448.1_11_0/1,1759059,-395.715
NZ_CP016448.1_12_0/1,2594003,-392.165
NZ_CP016448.1_13_0/1,1177712,-425.458
NZ_CP016448.1_14_0/1,1670800,-405.851
NZ_CP016448.1_15_0/1,42443,-409.216
NZ_CP016448.1_16_0/1,94,-381.069
NZ_CP016448.1_17_0/1,2594003,-396.381
NZ_CP016448.1_18_0/1,2594003,-398.78
NZ_CP016448.1_19_0/1,1084,-406.299
NZ_CP016448.1_20_0/1,2928472,-371.139
NZ_CP016448.1_21_0/1,2843330,-384.445
NZ_CP016448.1_22_0/1,2928472,-391.048
NZ_CP016448.1_23_0/1,2928472,-391.448
NZ_CP016448.1_24_0/1,1894999,-401.544
NZ_CP016448.1_0_1/1,94,-373.131
NZ_CP016448.1_1_1/1,2528642,-407.954
NZ_CP016448.1_2_1/1,2843330,-391.557
NZ_CP016448.1_3_1/1,2843330,-370.575
NZ_CP016448.1_4_1/1,299262,-402.274
NZ_CP016448.1_5_1/1,40137,-403.078
NZ_CP016448.1_6_1/1,1225128,-383.08
NZ_CP016448.1_7_1/1,1112,-397.707
NZ_CP016448.1_8_1/1,655015,-412.031
NZ_CP016448.1_9_1/1,674703,-411.481
NZ_CP016448.1_10_1/1,2771430,-409.324
NZ_CP016448.1_11_1/1,2986923,-413.759
NZ_CP016448.1_12_1/1,1550728,-398.278
NZ_CP016448.1_13_1/1,2579971,-390.611
NZ_CP016448.1_14_1/1,1634516,-388.417
NZ_CP016448.1_15_1/1,2594003,-407.707
NZ_CP016448.1_16_1/1,1075,-404.483
NZ_CP016448.1_17_1/1,2579971,-381.328
NZ_CP016448.1_18_1/1,1896196,-407.266
NZ_CP016448.1_19_1/1,1225128,-391.963
NZ_CP016448.1_20_1/1,78587,-416.634
NZ_CP016448.1_21_1/1,2587842,-404.462
NZ_CP016448.1_22_1/1,121719,-405.8
NZ_CP016448.1_23_1/1,2587842,-417.31
NZ_CP016448.1_24_1/1,655015,-410.262
1842540,245188,-3.01941
NZ_CP016448.1_0_0/2,1177712,-412.741
NZ_CP016448.1_1_0/2,2986923,-409.026
NZ_CP016448.1_2_0/2,1084,-404.758
NZ_CP016448.1_3_0/2,2594003,-404.982
NZ_CP016448.1_4_0/2,3058420,-405.427
NZ_CP016448.1_5_0/2,1112,-389.985
NZ_CP016448.1_6_0/2,94,-375.365
NZ_CP016448.1_7_0/2,1075,-399.147
NZ_CP016448.1_8_0/2,1075,-395.608
NZ_CP016448.1_9_0/2,2220096,-410.164
NZ_CP016448.1_10_0/2,2928472,-386.869
NZ_CP016448.1_11_0/2,1674922,-420.799
NZ_CP016448.1_12_0/2,674703,-406.429
NZ_CP016448.1_13_0/2,94,-372.187
NZ_CP016448.1_14_0/2,1225128,-386.898
NZ_CP016448.1_15_0/2,2220096,-407.964
NZ_CP016448.1_16_0/2,2928472,-389.169
NZ_CP016448.1_17_0/2,1437009,-380.97
NZ_CP016448.1_18_0/2,1075,-400.74
NZ_CP016448.1_19_0/2,94,-374.823
NZ_CP016448.1_20_0/2,94,-384.188
NZ_CP016448.1_21_0/2,1850238,-400.403
NZ_CP016448.1_22_0/2,1402135,-402.326
NZ_CP016448.1_23_0/2,2928472,-364.134
NZ_CP016448.1_24_0/2,3039851,-419.034
NZ_CP016448.1_0_1/2,1084,-404.781
NZ_CP016448.1_1_1/2,154981,-406.069
NZ_CP016448.1_2_1/2,564137,-413.554
NZ_CP016448.1_3_1/2,2928472,-396.395
NZ_CP016448.1_4_1/2,2986923,-415.395
NZ_CP016448.1_5_1/2,1112,-395.925
NZ_CP016448.1_6_1/2,1112,-394.246
NZ_CP016448.1_7_1/2,400770,-411.177
NZ_CP016448.1_8_1/2,388408,-413.153
NZ_CP016448.1_9_1/2,1549855,-431.634
NZ_CP016448.1_10_1/2,2588711,-395.892
NZ_CP016448.1_11_1/2,674703,-397.145
NZ_CP016448.1_12_1/2,2789856,-402.137
NZ_CP016448.1_13_1/2,94,-386.49
NZ_CP016448.1_14_1/2,1112,-387.332
NZ_CP016448.1_15_1/2,708113,-402.214
NZ_CP016448.1_16_1/2,921,-405.439
NZ_CP016448.1_17_1/2,674703,-405.346
NZ_CP016448.1_18_1/2,1112,-393.464
NZ_CP016448.1_19_1/2,1917485,-406.963
NZ_CP016448.1_20_1/2,2587842,-411.093
NZ_CP016448.1_21_1/2,2771430,-405.163
NZ_CP016448.1_22_1/2,1084,-408.616
NZ_CP016448.1_23_1/2,1898042,-426.585
NZ_CP016448.1_24_1/2,40137,-399.068
2728021,245188,-3.01941
NZ_CP051684.1_0_0/1,290400,-407.383
NZ_CP051684.1_1_0/1,1798205,-415.569
NZ_CP051684.1_2_0/1,2594003,-409.477
NZ_CP051684.1_3_0/1,2594003,-393.663
NZ_CP051684.1_4_0/1,195913,-413.672
NZ_CP051684.1_5_0/1,2881234,-406.788
NZ_CP051684.1_6_0/1,1225128,-394.229
NZ_CP051684.1_7_0/1,921,-382.387
NZ_CP051684.1_8_0/1,2594003,-395.646
NZ_CP051684.1_9_0/1,60890,-415.584
NZ_CP051684.1_10_0/1,159346,-404.81
NZ_CP051684.1_11_0/1,388408,-418.292
NZ_CP051684.1_12_0/1,2587842,-415.108
NZ_CP051684.1_13_0/1,1402135,-409.83
NZ_CP051684.1_14_0/1,1537215,-405.846
NZ_CP051684.1_15_0/1,245188,-404.524
NZ_CP051684.1_16_0/1,2587842,-404.222
NZ_CP051684.1_17_0/1,94,-377.278
NZ_CP051684.1_18_0/1,1591409,-424.285
NZ_CP051684.1_19_0/1,1674922,-419.944
NZ_CP051684.1_20_0/1,94,-393.609
NZ_CP051684.1_21_0/1,106592,-404.21
NZ_CP051684.1_22_0/1,60890,-414.291
NZ_CP051684.1_23_0/1,2587842,-405.265
NZ_CP051684.1_24_0/1,1674922,-416.43
NZ_CP051684.1_0_1/1,2115978,-407.517
NZ_CP051684.1_1_1/1,2220096,-396.575
NZ_CP051684.1_2_1/1,94,-394.295
NZ_CP051684.1_3_1/1,245188,-414.803
NZ_CP051684.1_4_1/1,1225128,-398.871
NZ_CP051684.1_5_1/1,1759059,-392.237
NZ_CP051684.1_6_1/1,1075,-408.734
NZ_CP051684.1_7_1/1,1608628,-432.385
NZ_CP051684.1_8_1/1,1402135,-404.74
NZ_CP051684.1_9_1/1,1759059,-411.674
NZ_CP051684.1_10_1/1,708113,-403.349
NZ_CP051684.1_11_1/1,2594003,-401.229
NZ_CP051684.1_12_1/1,1759059,-410
NZ_CP051684.1_13_1/1,1550728,-402.903
NZ_CP051684.1_14_1/1,2881234,-408.716
NZ_CP051684.1_15_1/1,121719,-403.907
NZ_CP051684.1_16_1/1,564137,-402.426
NZ_CP051684.1_17_1/1,1084,-414.834
NZ_CP051684.1_18_1/1,2579971,-394.802
NZ_CP051684.1_19_1/1,2233999,-400.217
NZ_CP051684.1_20_1/1,299262,-413.622
NZ_CP051684.1_21_1/1,2762729,-407.185
NZ_CP051684.1_22_1/1,2594003,-406.513
NZ_CP051684.1_23_1/1,1798205,-422.684
NZ_CP051684.1_24_1/1,1177712,-410.582
2728021,245188,-3.01941
NZ_CP051684.1_0_0/2,2594003,-402.891
NZ_CP051684.1_1_0/2,2928472,-396.57
NZ_CP051684.1_2_0/2,2233999,-398.212
NZ_CP051684.1_3_0/2,2220096,-399.868
NZ_CP051684.1_4_0/2,564137,-401.937
NZ_CP051684.1_5_0/2,94,-384.827
NZ_CP051684.1_6_0/2,1759059,-406.289
NZ_CP051684.1_7_0/2,121719,-410.348
NZ_CP051684.1_8_0/2,2834768,-423.504
NZ_CP051684.1_9_0/2,1402135,-410.429
NZ_CP051684.1_10_0/2,1225128,-385.515
NZ_CP051684.1_11_0/2,2594003,-405.511
NZ_CP051684.1_12_0/2,364410,-413.81
NZ_CP051684.1_13_0/2,1225128,-392.48
NZ_CP051684.1_14_0/2,1177712,-404.823
NZ_CP051684.1_15_0/2,708113,-403.457
NZ_CP051684.1_16_0/2,121719,-411.393
NZ_CP051684.1_17_0/2,1348774,-405.766
NZ_CP051684.1_18_0/2,1177712,-417.19
NZ_CP051684.1_19_0/2,2587842,-408.005
NZ_CP051684.1_20_0/2,94,-395.104
NZ_CP051684.1_21_0/2,1225128,-394.767
NZ_CP051684.1_22_0/2,2762729,-405.929
NZ_CP051684.1_23_0/2,290400,-417.771
NZ_CP051684.1_24_0/2,2834768,-416.378
NZ_CP051684.1_0_1/2,1579316,-428.814
NZ_CP051684.1_1_1/2,94,-385.914
NZ_CP051684.1_2_1/2,1335048,-394.514
NZ_CP051684.1_3_1/2,1608628,-424.541
NZ_CP051684.1_4_1/2,364410,-414.287
NZ_CP051684.1_5_1/2,245188,-414.423
NZ_CP051684.1_6_1/2,78587,-424.576
NZ_CP051684.1_7_1/2,2724,-430.596
NZ_CP051684.1_8_1/2,2771430,-394.752
NZ_CP051684.1_9_1/2,1608628,-419.774
NZ_CP051684.1_10_1/2,2579971,-374.854
NZ_CP051684.1_11_1/2,2594003,-393.552
NZ_CP051684.1_12_1/2,2881234,-398.138
NZ_CP051684.1_13_1/2,2594003,-400.204
NZ_CP051684.1_14_1/2,1225128,-368.915
NZ_CP051684.1_15_1/2,674703,-403.729
NZ_CP051684.1_16_1/2,1225128,-387.984
NZ_CP051684.1_17_1/2,106592,-409.509
NZ_CP051684.1_18_1/2,1177712,-416.179
NZ_CP051684.1_19_1/2,92945,-409.643
NZ_CP051684.1_20_1/2,169176,-410.941
NZ_CP051684.1_21_1/2,2594003,-399.144
NZ_CP051684.1_22_1/2,2587842,-410.484
NZ_CP051684.1_23_1/2,2724,-426.847
NZ_CP051684.1_24_1/2,2594003,-404.123
2764705,245188,-3.01941
NZ_AP023423.1_0_0/1,154981,-420.149
NZ_AP023423.1_1_0/1,364410,-416.981
NZ_AP023423.1_2_0/1,1549855,-428.683
NZ_AP023423.1_3_0/1,2724,-430.294
NZ_AP023423.1_4_0/1,2587842,-416.624
NZ_AP023423.1_5_0/1,2594003,-412.24
NZ_AP023423.1_6_0/1,1608628,-425.314
NZ_AP023423.1_7_0/1,2601646,-412.219
NZ_AP023423.1_8_0/1,1862145,-413.744
NZ_AP023423.1_9_0/1,81032,-416.423
NZ_AP023423.1_10_0/1,1798205,-417.894
NZ_AP023423.1_11_0/1,542,-425.561
NZ_AP023423.1_12_0/1,1674922,-418.417
NZ_AP023423.1_13_0/1,1124597,-423.59
NZ_AP023423.1_14_0/1,2762729,-410.436
NZ_AP023423.1_15_0/1,442,-416.204
NZ_AP023423.1_16_0/1,1634516,-400.985
NZ_AP023423.1_17_0/1,92945,-401.451
NZ_AP023423.1_18_0/1,1898042,-429.44
NZ_AP023423.1_19_0/1,1177712,-420.936
NZ_AP023423.1_20_0/1,1075,-394.184
NZ_AP023423.1_21_0/1,2594003,-407.348
NZ_AP023423.1_22_0/1,1867719,-418.564
NZ_AP023423.1_23_0/1,2220096,-405.4
NZ_AP023423.1_24_0/1,1124597,-421.832
NZ_AP023423.1_0_1/1,169176,-415.159
NZ_AP023423.1_1_1/1,2881234,-398.623
NZ_AP023423.1_2_1/1,2587842,-407.235
NZ_AP023423.1_3_1/1,2594003,-396.79
NZ_AP023423.1_4_1/1,1862145,-407.096
NZ_AP023423.1_5_1/1,2881234,-410.216
NZ_AP023423.1_6_1/1,2843330,-381.42
NZ_AP023423.1_7_1/1,1917485,-406.995
NZ_AP023423.1_8_1/1,1402135,-406.948
NZ_AP023423.1_9_1/1,1335048,-406.27
NZ_AP023423.1_10_1/1,2881234,-408.422
NZ_AP023423.1_11_1/1,1288970,-419.328
NZ_AP023423.1_12_1/1,2881234,-405.368
NZ_AP023423.1_13_1/1,770,-429.599
NZ_AP023423.1_14_1/1,1402135,-406.236
NZ_AP023423.1_15_1/1,2881234,-402.182
NZ_AP023423.1_16_1/1,245188,-407.646
NZ_AP023423.1_17_1/1,564137,-403.178
NZ_AP023423.1_18_1/1,1550728,-397.385
NZ_AP023423.1_19_1/1,442,-411.713
NZ_AP023423.1_20_1/1,2594003,-396.852
NZ_AP023423.1_21_1/1,770,-426.738
NZ_AP023423.1_22_1/1,78587,-421.781
NZ_AP023423.1_23_1/1,1898042,-426.118
NZ_AP023423.1_24_1/1,2594003,-398.928
2764705,245188,-3.01941
NZ_AP023423.1_0_0/2,1898042,-421.536
NZ_AP023423.1_1_0/2,78587,-422.116
NZ_AP023423.1_2_0/2,1579316,-427.271
NZ_AP023423.1_3_0/2,220697,-415.426
NZ_AP023423.1_4_0/2,1177712,-415.587
NZ_AP023423.1_5_0/2,1759059,-400.411
NZ_AP023423.1_6_0/2,169176,-415.09
NZ_AP023423.1_7_0/2,951,-431.04
NZ_AP023423.1_8_0/2,299262,-421.808
NZ_AP023423.1_9_0/2,1112,-395.681
NZ_AP023423.1_10_0/2,1177712,-410.005
NZ_AP023423.1_11_0/2,2834768,-424.422
NZ_AP023423.1_12_0/2,1084,-408.197
NZ_AP023423.1_13_0/2,2795690,-402.059
NZ_AP023423.1_14_0/2,94,-386.969
NZ_AP023423.1_15_0/2,1225128,-383.038
NZ_AP023423.1_16_0/2,1225128,-391.478
NZ_AP023423.1_17_0/2,195913,-411.836
NZ_AP023423.1_18_0/2,1759059,-408.493
NZ_AP023423.1_19_0/2,2594003,-397.932
NZ_AP023423.1_20_0/2,2594003,-410.123
NZ_AP023423.1_21_0/2,169176,-419.341
NZ_AP023423.1_22_0/2,1798205,-418.308
NZ_AP023423.1_23_0/2,1486262,-405.936
NZ_AP023423.1_24_0/2,2528642,-409.284
NZ_AP023423.1_0_1/2,2881234,-415.329
NZ_AP023423.1_1_1/2,1177712,-415.037
NZ_AP023423.1_2_1/2,94,-398.223
NZ_AP023423.1_3_1/2,3025782,-414.35
NZ_AP023423.1_4_1/2,2587842,-405.134
NZ_AP023423.1_5_1/2,2594003,-397.105
NZ_AP023423.1_6_1/2,1437009,-386.988
NZ_AP023423.1_7_1/2,561184,-411.206
NZ_AP023423.1_8_1/2,1813451,-415.807
NZ_AP023423.1_9_1/2,770,-425.926
NZ_AP023423.1_10_1/2,364410,-416.367
NZ_AP023423.1_11_1/2,2587842,-420.845
NZ_AP023423.1_12_1/2,1225128,-391.638
NZ_AP023423.1_13_1/2,2483033,-419.651
NZ_AP023423.1_14_1/2,2220096,-415.509
NZ_AP023423.1_15_1/2,1608628,-420.786
NZ_AP023423.1_16_1/2,2881234,-406.805
NZ_AP023423.1_17_1/2,1402135,-406.952
NZ_AP023423.1_18_1/2,1674922,-416.943
NZ_AP023423.1_19_1/2,1402135,-415.546
NZ_AP023423.1_20_1/2,2692330,-393.12
NZ_AP023423.1_21_1/2,29459,-420.305
NZ_AP023423.1_22_1/2,1177712,-415.907
NZ_AP023423.1_23_1/2,1759059,-411.05
NZ_AP023423.1_24_1/2,1075,-385.55
1436290,245188,-3.01941
NC_022576.1_0_0/1,2881234,-412.732
NC_022576.1_1_0/1,2587842,-407.584
NC_022576.1_2_0/1,1063,-405.547
NC_022576.1_3_0/1,1075,-394.476
NC_022576.1_4_0/1,1608628,-421.308
NC_022576.1_5_0/1,655015,-403.969
NC_022576.1_6_0/1,1177712,-405.881
NC_022576.1_7_0/1,1384459,-415.119
NC_022576.1_8_0/1,2582913,-421.224
NC_022576.1_9_0/1,2220096,-411.832
NC_022576.1_10_0/1,1608628,-422.327
NC_022576.1_11_0/1,159346,-400.829
NC_022576.1_12_0/1,400770,-414.888
NC_022576.1_13_0/1,94,-395.56
NC_022576.1_14_0/1,3039851,-417.185
NC_022576.1_15_0/1,1402135,-409.063
NC_022576.1_16_0/1,1225128,-405.112
NC_022576.1_17_0/1,2587842,-414.88
NC_022576.1_18_0/1,674703,-410.167
NC_022576.1_19_0/1,1384459,-420.25
NC_022576.1_20_0/1,1759059,-411.361
NC_022576.1_21_0/1,3039851,-418.589
NC_022576.1_22_0/1,1084,-409.614
NC_022576.1_23_0/1,2692330,-393.548
NC_022576.1_24_0/1,564137,-402.046
NC_022576.1_0_1/1,1084,-409.739
NC_022576.1_1_1/1,1510841,-410.464
NC_022576.1_2_1/1,1674922,-412.69
NC_022576.1_3_1/1,1177712,-408.735
NC_022576.1_4_1/1,1384459,-415.306
NC_022576.1_5_1/1,674703,-404.382
NC_022576.1_6_1/1,1177712,-411.113
NC_022576.1_7_1/1,2233999,-405.396
NC_022576.1_8_1/1,195913,-419.543
NC_022576.1_9_1/1,1549855,-414.509
NC_022576.1_10_1/1,1579316,-426.699
NC_022576.1_11_1/1,266809,-420.394
NC_022576.1_12_1/1,674703,-400.244
NC_022576.1_13_1/1,1084,-407.738
NC_022576.1_14_1/1,2762729,-410.215
NC_022576.1_15_1/1,1402135,-419.462
NC_022576.1_16_1/1,400770,-415.341
NC_022576.1_17_1/1,220697,-420.559
NC_022576.1_18_1/1,1177712,-416.794
NC_022576.1_19_1/1,1288970,-425.009
NC_022576.1_20_1/1,3039851,-411.655
NC_022576.1_21_1/1,1759059,-412.582
NC_022576.1_22_1/1,78587,-422.215
NC_022576.1_23_1/1,1225128,-393.523
NC_022576.1_24_1/1,2683284,-417.029
1436290,245188,-3.01941
NC_022576.1_0_0/2,195913,-416.157
NC_022576.1_1_0/2,1288970,-423.018
NC_022576.1_2_0/2,770,-430.292
NC_022576.1_3_0/2,121719,-413.987
NC_022576.1_4_0/2,1759059,-412.232
NC_022576.1_5_0/2,1225128,-383.847
NC_022576.1_6_0/2,1674922,-419.863
NC_022576.1_7_0/2,299262,-417.308
NC_022576.1_8_0/2,2582913,-418.722
NC_022576.1_9_0/2,1177712,-409.731
NC_022576.1_10_0/2,1177712,-418.636
NC_022576.1_11_0/2,121719,-406.079
NC_022576.1_12_0/2,2683284,-422.684
NC_022576.1_13_0/2,400770,-407.356
NC_022576.1_14_0/2,1084,-400.403
NC_022576.1_15_0/2,3024400,-416.449
NC_022576.1_16_0/2,169176,-403.755
NC_022576.1_17_0/2,1759059,-423.149
NC_022576.1_18_0/2,561184,-410.028
NC_022576.1_19_0/2,1759059,-417.183
NC_022576.1_20_0/2,1084,-417.058
NC_022576.1_21_0/2,1759059,-413.95
NC_022576.1_22_0/2,1177712,-419.945
NC_022576.1_23_0/2,1335048,-404.615
NC_022576.1_24_0/2,1759059,-397.771
NC_022576.1_0_1/2,1124597,-413.095
NC_022576.1_1_1/2,388408,-417.945
NC_022576.1_2_1/2,1608628,-419.81
NC_022576.1_3_1/2,1402135,-410.754
NC_022576.1_4_1/2,1084,-407.93
NC_022576.1_5_1/2,1384459,-415.643
NC_022576.1_6_1/2,1124597,-417.111
NC_022576.1_7_1/2,441209,-414.422
NC_022576.1_8_1/2,1759059,-398.451
NC_022576.1_9_1/2,195913,-423.532
NC_022576.1_10_1/2,770,-428.081
NC_022576.1_11_1/2,266809,-414.873
NC_022576.1_12_1/2,1225128,-395.647
NC_022576.1_13_1/2,299262,-413.52
NC_022576.1_14_1/2,441209,-419.459
NC_022576.1_15_1/2,2233999,-406.783
NC_022576.1_16_1/2,2683284,-413.377
NC_022576.1_17_1/2,3039851,-416.079
NC_022576.1_18_1/2,770,-432.899
NC_022576.1_19_1/2,1674922,-417.065
NC_022576.1_20_1/2,1898042,-430.22
NC_022576.1_21_1/2,441209,-416.217
NC_022576.1_22_1/2,1917485,-410.534
NC_022576.1_23_1/2,1550728,-407.311
NC_022576.1_24_1/2,1063,-401.199
1796652,245188,-3.01941
NZ_CP065313.1_0_0/1,2697033,-422.799
NZ_CP065313.1_1_0/1,542,-429.617
NZ_CP065313.1_2_0/1,2697033,-424.481
NZ_CP065313.1_3_0/1,542,-427.628
NZ_CP065313.1_4_0/1,951,-427.795
NZ_CP065313.1_5_0/1,770,-428.324
NZ_CP065313.1_6_0/1,2115978,-412.878
NZ_CP065313.1_7_0/1,951,-417.389
NZ_CP065313.1_8_0/1,2697033,-426.781
NZ_CP065313.1_9_0/1,951,-424.624
NZ_CP065313.1_10_0/1,951,-426.05
NZ_CP065313.1_11_0/1,951,-427.517
NZ_CP065313.1_12_0/1,2697033,-424.585
NZ_CP065313.1_13_0/1,951,-429.978
NZ_CP065313.1_14_0/1,1898042,-415.81
NZ_CP065313.1_15_0/1,951,-432.602
NZ_CP065313.1_16_0/1,1925548,-389.444
NZ_CP065313.1_17_0/1,2697033,-426.916
NZ_CP065313.1_18_0/1,1898042,-424.315
NZ_CP065313.1_19_0/1,2834768,-422.912
NZ_CP065313.1_20_0/1,2724,-424.287
NZ_CP065313.1_21_0/1,2834768,-414.263
NZ_CP065313.1_22_0/1,770,-427.722
NZ_CP065313.1_23_0/1,542,-424.541
NZ_CP065313.1_24_0/1,951,-424.896
NZ_CP065313.1_0_1/1,951,-424.207
NZ_CP065313.1_1_1/1,2115978,-405.894
NZ_CP065313.1_2_1/1,951,-411.281
NZ_CP065313.1_3_1/1,2697033,-418.411
NZ_CP065313.1_4_1/1,2697033,-426.099
NZ_CP065313.1_5_1/1,1898042,-421.811
NZ_CP065313.1_6_1/1,1925548,-400.685
NZ_CP065313.1_7_1/1,2857064,-411.416
NZ_CP065313.1_8_1/1,2697033,-421.694
NZ_CP065313.1_9_1/1,770,-430.136
NZ_CP065313.1_10_1/1,2724,-422.872
NZ_CP065313.1_11_1/1,2601668,-400.288
NZ_CP065313.1_12_1/1,951,-417.262
NZ_CP065313.1_13_1/1,951,-417.274
NZ_CP065313.1_14_1/1,951,-418.703
NZ_CP065313.1_15_1/1,951,-424.615
NZ_CP065313.1_16_1/1,2724,-425.155
NZ_CP065313.1_17_1/1,2724,-423.05
NZ_CP065313.1_18_1/1,951,-414.265
NZ_CP065313.1_19_1/1,2724,-425.421
NZ_CP065313.1_20_1/1,2724,-421.701
NZ_CP065313.1_21_1/1,542,-413.227
NZ_CP065313.1_22_1/1,951,-425.022
NZ_CP065313.1_23_1/1,542,-423.668
NZ_CP065313.1_24_1/1,2857064,-423.829
1796652,245188,-3.01941
NZ_CP065313.1_0_0/2,542,-424.378
NZ_CP065313.1_1_0/2,951,-423.791
NZ_CP065313.1_2_0/2,208216,-417.061
NZ_CP065313.1_3_0/2,542,-427.245
NZ_CP065313.1_4_0/2,951,-423.979
NZ_CP065313.1_5_0/2,951,-415.063
NZ_CP065313.1_6_0/2,2697033,-414.306
NZ_CP065313.1_7_0/2,2601646,-406
NZ_CP065313.1_8_0/2,770,-427.816
NZ_CP065313.1_9_0/2,2857064,-421.891
NZ_CP065313.1_10_0/2,2724,-422.541
NZ_CP065313.1_11_0/2,951,-417.68
NZ_CP065313.1_12_0/2,1674922,-424.5
NZ_CP065313.1_13_0/2,951,-426.204
NZ_CP065313.1_14_0/2,1674922,-414.703
NZ_CP065313.1_15_0/2,951,-423.948
NZ_CP065313.1_16_0/2,2697033,-421.366
NZ_CP065313.1_17_0/2,951,-429.5
NZ_CP065313.1_18_0/2,770,-433.366
NZ_CP065313.1_19_0/2,1925548,-409.382
NZ_CP065313.1_20_0/2,951,-422.095
NZ_CP065313.1_21_0/2,1898042,-428.826
NZ_CP065313.1_22_0/2,220697,-411.864
NZ_CP065313.1_23_0/2,1608628,-418.935
NZ_CP065313.1_24_0/2,1898042,-425.037
NZ_CP065313.1_0_1/2,2697033,-420.469
NZ_CP065313.1_1_1/2,2601668,-399.733
NZ_CP065313.1_2_1/2,951,-423.628
NZ_CP065313.1_3_1/2,770,-426.186
NZ_CP065313.1_4_1/2,1898042,-426.117
NZ_CP065313.1_5_1/2,951,-417.221
NZ_CP065313.1_6_1/2,951,-418.348
NZ_CP065313.1_7_1/2,1898042,-422.697
NZ_CP065313.1_8_1/2,770,-429.348
NZ_CP065313.1_9_1/2,1898042,-425.965
NZ_CP065313.1_10_1/2,951,-425.777
NZ_CP065313.1_11_1/2,951,-412.976
NZ_CP065313.1_12_1/2,951,-426.813
NZ_CP065313.1_13_1/2,2697033,-422.118
NZ_CP065313.1_14_1/2,220697,-418.931
NZ_CP065313.1_15_1/2,951,-415.796
NZ_CP065313.1_16_1/2,2724,-426.156
NZ_CP065313.1_17_1/2,29459,-422.391
NZ_CP065313.1_18_1/2,2857064,-421.65
NZ_CP065313.1_19_1/2,1898042,-417.941
NZ_CP065313.1_20_1/2,2834768,-416.421
NZ_CP065313.1_21_1/2,951,-411.619
NZ_CP065313.1_22_1/2,542,-422.822
NZ_CP065313.1_23_1/2,2582913,-423.379
NZ_CP065313.1_24_1/2,1898042,-422.688
2877939,245188,-3.01941
NZ_CP085530.1_0_0/1,2834768,-406.339
NZ_CP085530.1_1_0/1,1177712,-413.806
NZ_CP085530.1_2_0/1,2594003,-393.888
NZ_CP085530.1_3_0/1,1225128,-393.806
NZ_CP085530.1_4_0/1,1579316,-423.544
NZ_CP085530.1_5_0/1,195913,-408.722
NZ_CP085530.1_6_0/1,1124597,-423.43
NZ_CP085530.1_7_0/1,1124597,-422.585
NZ_CP085530.1_8_0/1,121719,-398.723
NZ_CP085530.1_9_0/1,1177712,-403.637
NZ_CP085530.1_10_0/1,2881234,-410.129
NZ_CP085530.1_11_0/1,1898042,-431.541
NZ_CP085530.1_12_0/1,1177712,-422.359
NZ_CP085530.1_13_0/1,154981,-415.046
NZ_CP085530.1_14_0/1,2881234,-408.978
NZ_CP085530.1_15_0/1,442,-410.723
NZ_CP085530.1_0_1/1,364410,-415.374
NZ_CP085530.1_1_1/1,1608628,-423.991
NZ_CP085530.1_2_1/1,1608628,-434.135
NZ_CP085530.1_3_1/1,2483033,-419.99
NZ_CP085530.1_4_1/1,2881234,-402.584
NZ_CP085530.1_5_1/1,2594003,-405.802
NZ_CP085530.1_6_1/1,1225128,-391.614
NZ_CP085530.1_7_1/1,266809,-413.302
NZ_CP085530.1_8_1/1,1075,-405.884
NZ_CP085530.1_9_1/1,2483033,-415.261
NZ_CP085530.1_10_1/1,1177712,-414.814
NZ_CP085530.1_11_1/1,1898042,-420.932
NZ_CP085530.1_12_1/1,1124597,-424.471
NZ_CP085530.1_13_1/1,1913578,-411.458
NZ_CP085530.1_14_1/1,1124597,-434.796
NZ_CP085530.1_15_1/1,1898042,-428.321
NZ_CP085530.1_16_1/1,106592,-417.627
NZ_CP085531.1_0_0/1,1898042,-425.576
NZ_CP085531.1_1_0/1,2582913,-418.63
NZ_CP085531.1_2_0/1,208216,-424.011
NZ_CP085531.1_3_0/1,1798205,-419.338
NZ_CP085531.1_4_0/1,154981,-414.93
NZ_CP085531.1_5_0/1,208216,-420.459
NZ_CP085531.1_6_0/1,2881234,-395.392
NZ_CP085531.1_7_0/1,2570586,-396.504
NZ_CP085531.1_0_1/1,770,-427.505
NZ_CP085531.1_1_1/1,2724,-425.394
NZ_CP085531.1_2_1/1,1898042,-418.045
NZ_CP085531.1_3_1/1,1898042,-432.218
NZ_CP085531.1_4_1/1,951,-424.818
NZ_CP085531.1_5_1/1,1813451,-414.966
NZ_CP085531.1_6_1/1,2697033,-424.154
NZ_CP085531.1_7_1/1,1124597,-421.666
NZ_CP085531.1_8_1/1,2724,-421.343
2877939,245188,-3.01941
NZ_CP085530.1_0_0/2,2594003,-405.218
NZ_CP085530.1_1_0/2,770,-429.997
NZ_CP085530.1_2_0/2,1177712,-414.505
NZ_CP085530.1_3_0/2,2594003,-403.538
NZ_CP085530.1_4_0/2,2834768,-419.684
NZ_CP085530.1_5_0/2,2594003,-406.995
NZ_CP085530.1_6_0/2,94,-396.789
NZ_CP085530.1_7_0/2,1225128,-380.118
NZ_CP085530.1_8_0/2,2594003,-416.336
NZ_CP085530.1_9_0/2,2881234,-411.863
NZ_CP085530.1_10_0/2,2881234,-405.797
NZ_CP085530.1_11_0/2,1898042,-425.782
NZ_CP085530.1_12_0/2,1124597,-423.768
NZ_CP085530.1_13_0/2,1177712,-417.312
NZ_CP085530.1_14_0/2,770,-428.48
NZ_CP085530.1_15_0/2,1826607,-402.744
NZ_CP085530.1_0_1/2,2483033,-417.203
NZ_CP085530.1_1_1/2,1124597,-422.63
NZ_CP085530.1_2_1/2,1549855,-427.336
NZ_CP085530.1_3_1/2,708113,-406.561
NZ_CP085530.1_4_1/2,2233999,-402.764
NZ_CP085530.1_5_1/2,266809,-413.378
NZ_CP085530.1_6_1/2,1075,-396.725
NZ_CP085530.1_7_1/2,1177712,-416.747
NZ_CP085530.1_8_1/2,1177712,-409.407
NZ_CP085530.1_9_1/2,1898042,-425.549
NZ_CP085530.1_10_1/2,94,-403.377
NZ_CP085530.1_11_1/2,106592,-411.424
NZ_CP085530.1_12_1/2,1177712,-407.944
NZ_CP085530.1_13_1/2,1177712,-414.41
NZ_CP085530.1_14_1/2,1177712,-416.494
NZ_CP085530.1_15_1/2,1898042,-427.504
NZ_CP085530.1_16_1/2,94,-379.2
NZ_CP085531.1_0_0/2,1898042,-426.635
NZ_CP085531.1_1_0/2,1867719,-422.496
NZ_CP085531.1_2_0/2,1549855,-420.058
NZ_CP085531.1_3_0/2,1898042,-429.416
NZ_CP085531.1_4_0/2,542,-419.073
NZ_CP085531.1_5_0/2,2724,-424.53
NZ_CP085531.1_6_0/2,121719,-413.233
NZ_CP085531.1_7_0/2,1898042,-421.786
NZ_CP085531.1_0_1/2,1867719,-423.189
NZ_CP085531.1_1_1/2,1798205,-415.996
NZ_CP085531.1_2_1/2,1898042,-415.497
NZ_CP085531.1_3_1/2,2834768,-422.049
NZ_CP085531.1_4_1/2,770,-431.222
NZ_CP085531.1_5_1/2,2483033,-419.551
NZ_CP085531.1_6_1/2,770,-430.274
NZ_CP085531.1_7_1/2,1798205,-420.494
NZ_CP085531.1_8_1/2,3039851,-422.959
