2169725,3047840,-3.03152
NC_012212.1_0_0/1,1330068,-420.029
NC_012212.1_1_0/1,12558,-420.758
NC_012212.1_2_0/1,2956139,-420.86
NC_012212.1_3_0/1,37961,-417.558
NC_012212.1_4_0/1,37961,-419.774
NC_012212.1_5_0/1,37961,-417.652
NC_012212.1_6_0/1,631345,-378.589
NC_012212.1_7_0/1,2508251,-415.337
NC_012212.1_8_0/1,1431460,-420.251
NC_012212.1_9_0/1,2955929,-419.635
NC_012212.1_10_0/1,1986960,-420.765
NC_012212.1_11_0/1,1312874,-414.533
NC_012212.1_12_0/1,2494552,-421.306
NC_012212.1_13_0/1,2955993,-415.12
NC_012212.1_14_0/1,2955993,-426.772
NC_012212.1_15_0/1,2169814,-405.009
NC_012212.1_16_0/1,128818,-417.609
NC_012212.1_17_0/1,3048297,-427.107
NC_012212.1_18_0/1,1986960,-425.526
NC_012212.1_19_0/1,3048297,-410.143
NC_012212.1_20_0/1,2955970,-427.552
NC_012212.1_21_0/1,12092,-408.086
NC_012212.1_22_0/1,2845574,-420.848
NC_012212.1_23_0/1,1985983,-411.537
NC_012212.1_24_0/1,2846037,-412.527
NC_012212.1_0_1/1,2169937,-415.144
NC_012212.1_1_1/1,3048297,-409.799
NC_012212.1_2_1/1,2955993,-413.488
NC_012212.1_3_1/1,37961,-418.679
NC_012212.1_4_1/1,2169814,-402.606
NC_012212.1_5_1/1,1986960,-424.239
NC_012212.1_6_1/1,2955993,-415.818
NC_012212.1_7_1/1,2955993,-424.118
NC_012212.1_8_1/1,2955970,-425.37
NC_012212.1_9_1/1,2955993,-417.032
NC_012212.1_10_1/1,74501,-407.138
NC_012212.1_11_1/1,37961,-409.533
NC_012212.1_12_1/1,3047688,-430.304
NC_012212.1_13_1/1,2508237,-413.76
NC_012212.1_14_1/1,12465,-423.864
NC_012212.1_15_1/1,2560287,-416.925
NC_012212.1_16_1/1,1986960,-422.602
NC_012212.1_17_1/1,1986960,-423.152
NC_012212.1_18_1/1,631345,-384.583
NC_012212.1_19_1/1,631345,-407.019
NC_012212.1_20_1/1,2508251,-415.956
NC_012212.1_21_1/1,2169814,-408.867
NC_012212.1_22_1/1,1330068,-420.838
NC_012212.1_23_1/1,2846037,-416.776
NC_012212.1_24_1/1,2169814,-402.825
2169725,3047840,-3.03152
NC_012212.1_0_0/2,2169814,-401.597
NC_012212.1_1_0/2,3047840,-429.029
NC_012212.1_2_0/2,2955993,-415.731
NC_012212.1_3_0/2,37961,-418.81
NC_012212.1_4_0/2,2955993,-421.546
NC_012212.1_5_0/2,2169814,-407.193
NC_012212.1_6_0/2,2955993,-415.026
NC_012212.1_7_0/2,323118,-425.348
NC_012212.1_8_0/2,2560597,-426.784
NC_012212.1_9_0/2,37961,-417.466
NC_012212.1_10_0/2,2955190,-421.743
NC_012212.1_11_0/2,1986960,-420.049
NC_012212.1_12_0/2,2508252,-415.907
NC_012212.1_13_0/2,2955190,-426.846
NC_012212.1_14_0/2,2955190,-425.009
NC_012212.1_15_0/2,2845574,-415.104
NC_012212.1_16_0/2,1312874,-411.117
NC_012212.1_17_0/2,631345,-393.538
NC_012212.1_18_0/2,2955993,-419.392
NC_012212.1_19_0/2,3048297,-423.269
NC_012212.1_20_0/2,2955993,-415.088
NC_012212.1_21_0/2,2560293,-413.605
NC_012212.1_22_0/2,2169814,-405.487
NC_012212.1_23_0/2,2560308,-419.771
NC_012212.1_24_0/2,1312874,-406.615
NC_012212.1_0_1/2,1986113,-425.308
NC_012212.1_1_1/2,2169814,-407.198
NC_012212.1_2_1/2,1986960,-421.963
NC_012212.1_3_1/2,882768,-424.287
NC_012212.1_4_1/2,1986960,-424.477
NC_012212.1_5_1/2,1986112,-404.637
NC_012212.1_6_1/2,128818,-414.031
NC_012212.1_7_1/2,35612,-418.307
NC_012212.1_8_1/2,882768,-428.337
NC_012212.1_9_1/2,2169937,-418.517
NC_012212.1_10_1/2,2169814,-401.95
NC_012212.1_11_1/2,2734536,-417.189
NC_012212.1_12_1/2,2955970,-423.072
NC_012212.1_13_1/2,2846037,-408.805
NC_012212.1_14_1/2,2169814,-407.133
NC_012212.1_15_1/2,2955993,-420.554
NC_012212.1_16_1/2,2955993,-411.401
NC_012212.1_17_1/2,2169853,-404.544
NC_012212.1_18_1/2,2169814,-401.229
NC_012212.1_19_1/2,2169937,-413.529
NC_012212.1_20_1/2,3048297,-410.378
NC_012212.1_21_1/2,1312874,-407.786
NC_012212.1_22_1/2,1986112,-417.653
NC_012212.1_23_1/2,442302,-422.952
NC_012212.1_24_1/2,3047688,-423.226
2734500,3047840,-3.03152
NC_046961.1_0_0/1,2508237,-418.056
NC_046961.1_1_0/1,2845574,-420.852
NC_046961.1_2_0/1,694009,-422.845
NC_046961.1_3_0/1,95342,-423.952
NC_046961.1_4_0/1,2508233,-424.872
NC_046961.1_5_0/1,2956521,-423.663
NC_046961.1_6_0/1,2846037,-416.666
NC_046961.1_7_0/1,1431460,-419.684
NC_046961.1_8_0/1,2501969,-424.84
NC_046961.1_9_0/1,32625,-426.202
NC_046961.1_10_0/1,2956521,-421.645
NC_046961.1_11_0/1,12558,-424.42
NC_046961.1_12_0/1,1105381,-427.057
NC_046961.1_13_0/1,442302,-426.339
NC_046961.1_14_0/1,28295,-417.805
NC_046961.1_15_0/1,2734512,-422.897
NC_046961.1_16_0/1,2170052,-429.135
NC_046961.1_17_0/1,1431460,-414.762
NC_046961.1_18_0/1,442302,-428.571
NC_046961.1_19_0/1,2956521,-424.384
NC_046961.1_20_0/1,112437,-422.546
NC_046961.1_21_0/1,74501,-415.763
NC_046961.1_22_0/1,2508237,-421.617
NC_046961.1_23_0/1,2170052,-424.572
NC_046961.1_24_0/1,2499932,-427.299
NC_046961.1_0_1/1,1986113,-425.224
NC_046961.1_1_1/1,2955284,-428.395
NC_046961.1_2_1/1,128818,-416.279
NC_046961.1_3_1/1,3047840,-418.419
NC_046961.1_4_1/1,1105381,-428.063
NC_046961.1_5_1/1,1986118,-416.231
NC_046961.1_6_1/1,1330068,-421.939
NC_046961.1_7_1/1,3047840,-424.201
NC_046961.1_8_1/1,2734512,-421.635
NC_046961.1_9_1/1,2956521,-424.562
NC_046961.1_10_1/1,442302,-428.904
NC_046961.1_11_1/1,32625,-427.148
NC_046961.1_12_1/1,3047840,-426.291
NC_046961.1_13_1/1,2169814,-416.172
NC_046961.1_14_1/1,2560597,-425.658
NC_046961.1_15_1/1,2169853,-410.777
NC_046961.1_16_1/1,2560597,-423.306
NC_046961.1_17_1/1,2845574,-417.122
NC_046961.1_18_1/1,2956521,-422.044
NC_046961.1_19_1/1,3047840,-419.524
NC_046961.1_20_1/1,442302,-428.585
NC_046961.1_21_1/1,28295,-420.688
NC_046961.1_22_1/1,2955284,-424.468
NC_046961.1_23_1/1,3048320,-425.633
NC_046961.1_24_1/1,1511776,-421.573
2734500,3047840,-3.03152
NC_046961.1_0_0/2,3047840,-422.493
NC_046961.1_1_0/2,3047840,-421.038
NC_046961.1_2_0/2,2955970,-426.062
NC_046961.1_3_0/2,2956139,-418.869
NC_046961.1_4_0/2,2560308,-421.66
NC_046961.1_5_0/2,194965,-418.65
NC_046961.1_6_0/2,3047840,-423.355
NC_046961.1_7_0/2,2030964,-430.331
NC_046961.1_8_0/2,3047840,-424.114
NC_046961.1_9_0/2,2955970,-426.062
NC_046961.1_10_0/2,2955970,-425.665
NC_046961.1_11_0/2,2956521,-421.095
NC_046961.1_12_0/2,12558,-420.419
NC_046961.1_13_0/2,2955263,-424.029
NC_046961.1_14_0/2,405554,-415.495
NC_046961.1_15_0/2,3047840,-420.907
NC_046961.1_16_0/2,2508233,-421.725
NC_046961.1_17_0/2,41764,-424.188
NC_046961.1_18_0/2,1105381,-427.289
NC_046961.1_19_0/2,3048297,-421.469
NC_046961.1_20_0/2,1986960,-416.09
NC_046961.1_21_0/2,2560287,-422.931
NC_046961.1_22_0/2,2956521,-414.773
NC_046961.1_23_0/2,2560597,-424.69
NC_046961.1_24_0/2,693066,-415.098
NC_046961.1_0_1/2,2955190,-424.093
NC_046961.1_1_1/2,2170052,-429.015
NC_046961.1_2_1/2,2956521,-419.364
NC_046961.1_3_1/2,3047840,-425.703
NC_046961.1_4_1/2,2845574,-419.795
NC_046961.1_5_1/2,2499932,-430.251
NC_046961.1_6_1/2,95342,-421.685
NC_046961.1_7_1/2,2956521,-414.758
NC_046961.1_8_1/2,2501965,-428.422
NC_046961.1_9_1/2,1986960,-414.873
NC_046961.1_10_1/2,2734512,-422.823
NC_046961.1_11_1/2,882768,-428.558
NC_046961.1_12_1/2,1914568,-419.651
NC_046961.1_13_1/2,12558,-426.778
NC_046961.1_14_1/2,1755588,-428.571
NC_046961.1_15_1/2,12465,-421.309
NC_046961.1_16_1/2,693066,-424.396
NC_046961.1_17_1/2,1312874,-423.866
NC_046961.1_18_1/2,1986118,-428.223
NC_046961.1_19_1/2,3047840,-416.232
NC_046961.1_20_1/2,3048297,-419.848
NC_046961.1_21_1/2,37961,-419.571
NC_046961.1_22_1/2,1986112,-415.998
NC_046961.1_23_1/2,194965,-419.291
NC_046961.1_24_1/2,2956634,-414.876
336959,3047840,-3.03152
NC_003790.1_0_0/1,312185,-423.144
NC_003790.1_1_0/1,312185,-420.29
NC_003790.1_2_0/1,1330068,-415.213
NC_003790.1_3_0/1,694009,-417.833
NC_003790.1_4_0/1,37961,-409.39
NC_003790.1_5_0/1,693066,-417.512
NC_003790.1_6_0/1,3048320,-419.767
NC_003790.1_7_0/1,1914568,-418.552
NC_003790.1_8_0/1,3048320,-420.504
NC_003790.1_9_0/1,312185,-424.573
NC_003790.1_10_0/1,2030964,-418.531
NC_003790.1_11_0/1,2501969,-422.252
NC_003790.1_12_0/1,1986960,-424.132
NC_003790.1_13_0/1,1986118,-419.473
NC_003790.1_14_0/1,1048434,-412.84
NC_003790.1_15_0/1,312185,-423.708
NC_003790.1_16_0/1,128818,-413.001
NC_003790.1_17_0/1,2955284,-427.029
NC_003790.1_18_0/1,2508252,-418.947
NC_003790.1_19_0/1,128818,-415.719
NC_003790.1_20_0/1,2955929,-420.102
NC_003790.1_21_0/1,405554,-410.577
NC_003790.1_22_0/1,2955929,-420.962
NC_003790.1_23_0/1,37961,-419.845
NC_003790.1_24_0/1,1431460,-419.371
NC_003790.1_0_1/1,3048320,-422.991
NC_003790.1_1_1/1,405554,-415.59
NC_003790.1_2_1/1,1986118,-420.83
NC_003790.1_3_1/1,2734512,-420.17
NC_003790.1_4_1/1,1986118,-422.899
NC_003790.1_5_1/1,1986113,-426.803
NC_003790.1_6_1/1,693066,-414.171
NC_003790.1_7_1/1,312185,-421.101
NC_003790.1_8_1/1,2499685,-423.923
NC_003790.1_9_1/1,1105381,-422.784
NC_003790.1_10_1/1,1239574,-423.815
NC_003790.1_11_1/1,74501,-416.709
NC_003790.1_12_1/1,312185,-413.837
NC_003790.1_13_1/1,3048320,-426.947
NC_003790.1_14_1/1,312185,-419.054
NC_003790.1_15_1/1,1048434,-416.516
NC_003790.1_16_1/1,1986118,-411.689
NC_003790.1_17_1/1,2955263,-422.724
NC_003790.1_18_1/1,2955263,-418.809
NC_003790.1_19_1/1,35612,-419.16
NC_003790.1_20_1/1,1105381,-430.375
NC_003790.1_21_1/1,12558,-423.198
NC_003790.1_22_1/1,3048320,-424.332
NC_003790.1_23_1/1,1986113,-422.883
NC_003790.1_24_1/1,2560293,-420.123
336959,3047840,-3.03152
NC_003790.1_0_0/2,2734512,-418.656
NC_003790.1_1_0/2,3047771,-418.434
NC_003790.1_2_0/2,693066,-408.762
NC_003790.1_3_0/2,3048320,-419.941
NC_003790.1_4_0/2,405554,-405.736
NC_003790.1_5_0/2,1431460,-422.39
NC_003790.1_6_0/2,2734512,-424.705
NC_003790.1_7_0/2,2030964,-426.646
NC_003790.1_8_0/2,312185,-420.62
NC_003790.1_9_0/2,2030964,-424.514
NC_003790.1_10_0/2,2560308,-420.867
NC_003790.1_11_0/2,12558,-420.303
NC_003790.1_12_0/2,12558,-421.368
NC_003790.1_13_0/2,312185,-418.593
NC_003790.1_14_0/2,128818,-412.34
NC_003790.1_15_0/2,693066,-424.475
NC_003790.1_16_0/2,2560293,-420.479
NC_003790.1_17_0/2,2560287,-414.345
NC_003790.1_18_0/2,194965,-422.757
NC_003790.1_19_0/2,693066,-422.258
NC_003790.1_20_0/2,2955263,-415.486
NC_003790.1_21_0/2,2499685,-424.512
NC_003790.1_22_0/2,2560578,-422.831
NC_003790.1_23_0/2,693066,-417.159
NC_003790.1_24_0/2,2734512,-424.809
NC_003790.1_0_1/2,2955929,-410.254
NC_003790.1_1_1/2,194965,-428.692
NC_003790.1_2_1/2,694009,-417.205
NC_003790.1_3_1/2,2560293,-419.167
NC_003790.1_4_1/2,2734512,-425.711
NC_003790.1_5_1/2,1048434,-419.206
NC_003790.1_6_1/2,2560287,-421.698
NC_003790.1_7_1/2,1105381,-423.52
NC_003790.1_8_1/2,1239574,-424.581
NC_003790.1_9_1/2,2734512,-419.425
NC_003790.1_10_1/2,2955263,-421.098
NC_003790.1_11_1/2,3047771,-418.781
NC_003790.1_12_1/2,2560578,-421.259
NC_003790.1_13_1/2,312185,-416.107
NC_003790.1_14_1/2,2170052,-422.79
NC_003790.1_15_1/2,2955454,-416.942
NC_003790.1_16_1/2,1048434,-420.59
NC_003790.1_17_1/2,2955454,-408.336
NC_003790.1_18_1/2,2508233,-422.584
NC_003790.1_19_1/2,1511781,-419.732
NC_003790.1_20_1/2,405554,-396.625
NC_003790.1_21_1/2,2499685,-424.694
NC_003790.1_22_1/2,2560287,-418.746
NC_003790.1_23_1/2,2845574,-413.706
NC_003790.1_24_1/2,693066,-415.401
2955742,3047840,-3.03152
NC_032476.1_0_0/1,2955970,-425.157
NC_032476.1_1_0/1,35612,-425.55
NC_032476.1_2_0/1,12465,-417.856
NC_032476.1_3_0/1,35612,-425.055
NC_032476.1_4_0/1,1982660,-420.343
NC_032476.1_5_0/1,2560597,-422.526
NC_032476.1_6_0/1,2560620,-424.615
NC_032476.1_7_0/1,674971,-430.059
NC_032476.1_8_0/1,2955993,-424.058
NC_032476.1_9_0/1,2956521,-417.612
NC_032476.1_10_0/1,2560597,-427.694
NC_032476.1_11_0/1,41764,-425.094
NC_032476.1_12_0/1,74501,-411.144
NC_032476.1_13_0/1,2501969,-426.199
NC_032476.1_14_0/1,41764,-428.07
NC_032476.1_15_0/1,2955284,-428.745
NC_032476.1_16_0/1,674971,-426.611
NC_032476.1_17_0/1,1511781,-416.819
NC_032476.1_18_0/1,2560597,-428.049
NC_032476.1_19_0/1,2494552,-418.171
NC_032476.1_20_0/1,1330068,-418.111
NC_032476.1_21_0/1,1239574,-426.607
NC_032476.1_22_0/1,1986960,-427.724
NC_032476.1_23_0/1,2560597,-423.386
NC_032476.1_24_0/1,3047840,-423.694
NC_032476.1_0_1/1,674971,-428.564
NC_032476.1_1_1/1,1803957,-415.342
NC_032476.1_2_1/1,2508233,-423.664
NC_032476.1_3_1/1,35612,-424.056
NC_032476.1_4_1/1,323118,-420.136
NC_032476.1_5_1/1,3048320,-425.635
NC_032476.1_6_1/1,3047688,-424.191
NC_032476.1_7_1/1,2956521,-423.823
NC_032476.1_8_1/1,2845574,-419.376
NC_032476.1_9_1/1,12558,-426.366
NC_032476.1_10_1/1,2955284,-430.915
NC_032476.1_11_1/1,323118,-422.126
NC_032476.1_12_1/1,2560597,-424.06
NC_032476.1_13_1/1,1048434,-420.613
NC_032476.1_14_1/1,1914568,-419.662
NC_032476.1_15_1/1,2560620,-424.823
NC_032476.1_16_1/1,1985983,-414.388
NC_032476.1_17_1/1,3047688,-425.581
NC_032476.1_18_1/1,2956521,-422.408
NC_032476.1_19_1/1,3048297,-419.071
NC_032476.1_20_1/1,2560597,-424.995
NC_032476.1_21_1/1,323118,-418.53
NC_032476.1_22_1/1,32625,-429.371
NC_032476.1_23_1/1,2955284,-426.193
NC_032476.1_24_1/1,37961,-415.811
2955742,3047840,-3.03152
NC_032476.1_0_0/2,2560597,-424.316
NC_032476.1_1_0/2,1511776,-425.802
NC_032476.1_2_0/2,674971,-427.694
NC_032476.1_3_0/2,32625,-429.225
NC_032476.1_4_0/2,1105381,-423.953
NC_032476.1_5_0/2,3047840,-422.495
NC_032476.1_6_0/2,3047688,-424.501
NC_032476.1_7_0/2,2499932,-428.468
NC_032476.1_8_0/2,2499932,-429.566
NC_032476.1_9_0/2,2955284,-426.922
NC_032476.1_10_0/2,2560308,-421.441
NC_032476.1_11_0/2,1511776,-427.568
NC_032476.1_12_0/2,2955284,-424.486
NC_032476.1_13_0/2,2560308,-418.453
NC_032476.1_14_0/2,1312874,-420.88
NC_032476.1_15_0/2,35612,-423.699
NC_032476.1_16_0/2,2169814,-407.962
NC_032476.1_17_0/2,442302,-431.014
NC_032476.1_18_0/2,2846037,-411.261
NC_032476.1_19_0/2,32625,-426.548
NC_032476.1_20_0/2,2846037,-420.362
NC_032476.1_21_0/2,1312874,-416.565
NC_032476.1_22_0/2,691956,-415.437
NC_032476.1_23_0/2,1803957,-415.523
NC_032476.1_24_0/2,1986118,-426.195
NC_032476.1_0_1/2,1986118,-422.167
NC_032476.1_1_1/2,1986118,-425.879
NC_032476.1_2_1/2,1330068,-419.625
NC_032476.1_3_1/2,693066,-423.409
NC_032476.1_4_1/2,2499932,-431.794
NC_032476.1_5_1/2,2955284,-430.905
NC_032476.1_6_1/2,1803957,-418.768
NC_032476.1_7_1/2,2560597,-426.274
NC_032476.1_8_1/2,1982660,-420.568
NC_032476.1_9_1/2,2956521,-422.129
NC_032476.1_10_1/2,2955190,-429.305
NC_032476.1_11_1/2,2560597,-431.277
NC_032476.1_12_1/2,2956521,-425.718
NC_032476.1_13_1/2,1986960,-419.054
NC_032476.1_14_1/2,2508237,-418.89
NC_032476.1_15_1/2,1048434,-418.235
NC_032476.1_16_1/2,2499622,-432.65
NC_032476.1_17_1/2,2846037,-399.411
NC_032476.1_18_1/2,1755588,-428.836
NC_032476.1_19_1/2,693066,-420.693
NC_032476.1_20_1/2,35612,-423.357
NC_032476.1_21_1/2,882768,-419.379
NC_032476.1_22_1/2,32625,-428.828
NC_032476.1_23_1/2,2846037,-421.359
NC_032476.1_24_1/2,1986118,-419.781
11983,3047840,-3.03152
NC_001959.2_0_0/1,1105381,-428.343
NC_001959.2_1_0/1,95342,-418.272
NC_001959.2_2_0/1,2734512,-425.037
NC_001959.2_3_0/1,405554,-410.331
NC_001959.2_4_0/1,2169965,-419.803
NC_001959.2_5_0/1,3047840,-423.202
NC_001959.2_6_0/1,882768,-425.323
NC_001959.2_7_0/1,2734536,-411.229
NC_001959.2_8_0/1,1511776,-420.818
NC_001959.2_9_0/1,3048343,-425.013
NC_001959.2_10_0/1,1330068,-417.218
NC_001959.2_11_0/1,1986112,-415.239
NC_001959.2_12_0/1,693066,-420.345
NC_001959.2_13_0/1,1511781,-418.374
NC_001959.2_14_0/1,193121,-423.675
NC_001959.2_15_0/1,95342,-417.24
NC_001959.2_16_0/1,193121,-426.777
NC_001959.2_17_0/1,2956521,-421.581
NC_001959.2_18_0/1,2169853,-410.121
NC_001959.2_19_0/1,2170052,-424.747
NC_001959.2_20_0/1,691956,-415.223
NC_001959.2_21_0/1,1511781,-422.777
NC_001959.2_22_0/1,2734512,-425.727
NC_001959.2_23_0/1,2499685,-423.194
NC_001959.2_24_0/1,2499685,-427.575
NC_001959.2_0_1/1,2956521,-423.08
NC_001959.2_1_1/1,1803957,-418.887
NC_001959.2_2_1/1,3048343,-416.018
NC_001959.2_3_1/1,1511776,-419.187
NC_001959.2_4_1/1,193121,-427.199
NC_001959.2_5_1/1,193121,-422.037
NC_001959.2_6_1/1,1986118,-421.705
NC_001959.2_7_1/1,2169853,-393.753
NC_001959.2_8_1/1,3048320,-422.397
NC_001959.2_9_1/1,2956521,-424.455
NC_001959.2_10_1/1,2734512,-422.479
NC_001959.2_11_1/1,2169853,-408.046
NC_001959.2_12_1/1,1511776,-423.584
NC_001959.2_13_1/1,95342,-420.593
NC_001959.2_14_1/1,2955263,-421.182
NC_001959.2_15_1/1,95342,-416.206
NC_001959.2_16_1/1,1803957,-414.296
NC_001959.2_17_1/1,1511781,-416.173
NC_001959.2_18_1/1,74501,-420.621
NC_001959.2_19_1/1,2508237,-421.492
NC_001959.2_20_1/1,12092,-407.314
NC_001959.2_21_1/1,1511776,-422.259
NC_001959.2_22_1/1,2494552,-419.259
NC_001959.2_23_1/1,1985983,-416.242
NC_001959.2_24_1/1,35612,-421.724
11983,3047840,-3.03152
NC_001959.2_0_0/2,2560287,-414.464
NC_001959.2_1_0/2,2845574,-419.509
NC_001959.2_2_0/2,2734536,-409.293
NC_001959.2_3_0/2,421010,-417.899
NC_001959.2_4_0/2,1985983,-413.772
NC_001959.2_5_0/2,193121,-417.722
NC_001959.2_6_0/2,2169965,-413.891
NC_001959.2_7_0/2,1511776,-421.018
NC_001959.2_8_0/2,194965,-419.56
NC_001959.2_9_0/2,193121,-425.341
NC_001959.2_10_0/2,2170052,-425.336
NC_001959.2_11_0/2,2955263,-420.491
NC_001959.2_12_0/2,1431460,-414.559
NC_001959.2_13_0/2,37961,-416.838
NC_001959.2_14_0/2,194965,-426.846
NC_001959.2_15_0/2,1755588,-423.385
NC_001959.2_16_0/2,2170052,-425.773
NC_001959.2_17_0/2,3047688,-423.635
NC_001959.2_18_0/2,405554,-420.847
NC_001959.2_19_0/2,95342,-419.119
NC_001959.2_20_0/2,2169965,-413.715
NC_001959.2_21_0/2,2734512,-422.422
NC_001959.2_22_0/2,95342,-421.373
NC_001959.2_23_0/2,2169853,-405.893
NC_001959.2_24_0/2,194965,-423.334
NC_001959.2_0_1/2,2955284,-424.579
NC_001959.2_1_1/2,2030964,-428.252
NC_001959.2_2_1/2,2508252,-423.446
NC_001959.2_3_1/2,1985983,-424.112
NC_001959.2_4_1/2,95342,-420.327
NC_001959.2_5_1/2,1511781,-419.815
NC_001959.2_6_1/2,3048343,-422.425
NC_001959.2_7_1/2,1986960,-418.32
NC_001959.2_8_1/2,2560287,-416.307
NC_001959.2_9_1/2,2170052,-425.904
NC_001959.2_10_1/2,1511776,-420.475
NC_001959.2_11_1/2,1511776,-422.156
NC_001959.2_12_1/2,1803957,-417.53
NC_001959.2_13_1/2,2560597,-423.892
NC_001959.2_14_1/2,1105381,-425.828
NC_001959.2_15_1/2,1330068,-416.485
NC_001959.2_16_1/2,2560293,-410.451
NC_001959.2_17_1/2,37961,-415.296
NC_001959.2_18_1/2,405554,-416.724
NC_001959.2_19_1/2,1803957,-421.759
NC_001959.2_20_1/2,882768,-425.323
NC_001959.2_21_1/2,12558,-427.599
NC_001959.2_22_1/2,3048299,-424.926
NC_001959.2_23_1/2,694009,-413.543
NC_001959.2_24_1/2,2170052,-423.825
3048309,3047840,-3.03152
NC_002066.1_0_0/1,2955190,-428.063
NC_002066.1_1_0/1,1105381,-423.607
NC_002066.1_2_0/1,1330068,-424.193
NC_002066.1_3_0/1,2494552,-417.637
NC_002066.1_4_0/1,442302,-429.527
NC_002066.1_5_0/1,1312874,-422.426
NC_002066.1_6_0/1,1986112,-413.611
NC_002066.1_7_0/1,2845574,-418.009
NC_002066.1_8_0/1,1986112,-413.847
NC_002066.1_9_0/1,1330068,-422.076
NC_002066.1_10_0/1,2170052,-420.831
NC_002066.1_11_0/1,3048297,-421.541
NC_002066.1_12_0/1,2955190,-421.957
NC_002066.1_13_0/1,3048343,-421.883
NC_002066.1_14_0/1,1330068,-426.475
NC_002066.1_15_0/1,2955190,-423.592
NC_002066.1_16_0/1,405554,-414.653
NC_002066.1_17_0/1,32625,-428.539
NC_002066.1_18_0/1,2955993,-415.004
NC_002066.1_19_0/1,1105381,-426.28
NC_002066.1_20_0/1,631345,-394.663
NC_002066.1_21_0/1,3048297,-414.26
NC_002066.1_22_0/1,1330068,-425.717
NC_002066.1_23_0/1,3048297,-426.943
NC_002066.1_24_0/1,3048297,-419.06
NC_002066.1_0_1/1,882768,-425.749
NC_002066.1_1_1/1,3048297,-425.188
NC_002066.1_2_1/1,2734512,-420.867
NC_002066.1_3_1/1,631345,-401.356
NC_002066.1_4_1/1,74501,-418.654
NC_002066.1_5_1/1,3048297,-415.107
NC_002066.1_6_1/1,442302,-431.203
NC_002066.1_7_1/1,2734512,-424.093
NC_002066.1_8_1/1,3048297,-429.103
NC_002066.1_9_1/1,2169814,-409.317
NC_002066.1_10_1/1,2508237,-420.095
NC_002066.1_11_1/1,3047688,-430.699
NC_002066.1_12_1/1,631345,-403.545
NC_002066.1_13_1/1,3048297,-429.151
NC_002066.1_14_1/1,2508237,-419.647
NC_002066.1_15_1/1,2955993,-423.629
NC_002066.1_16_1/1,2170052,-426.741
NC_002066.1_17_1/1,3048297,-419.331
NC_002066.1_18_1/1,2846037,-417.068
NC_002066.1_19_1/1,2955190,-421.835
NC_002066.1_20_1/1,3048297,-420.522
NC_002066.1_21_1/1,442302,-427.264
NC_002066.1_22_1/1,2955190,-427.589
NC_002066.1_23_1/1,37961,-413.453
NC_002066.1_24_1/1,882768,-422.758
3048309,3047840,-3.03152
NC_002066.1_0_0/2,1511781,-419.501
NC_002066.1_1_0/2,2955993,-425.868
NC_002066.1_2_0/2,2560308,-416.639
NC_002066.1_3_0/2,2955190,-422.878
NC_002066.1_4_0/2,2560308,-418.249
NC_002066.1_5_0/2,631345,-412.075
NC_002066.1_6_0/2,631345,-399.278
NC_002066.1_7_0/2,1511781,-424.69
NC_002066.1_8_0/2,2955993,-424.704
NC_002066.1_9_0/2,2955190,-421.479
NC_002066.1_10_0/2,3048297,-417.043
NC_002066.1_11_0/2,3048297,-427.468
NC_002066.1_12_0/2,442302,-427.805
NC_002066.1_13_0/2,3047688,-421.935
NC_002066.1_14_0/2,3048297,-418.054
NC_002066.1_15_0/2,1105381,-424.245
NC_002066.1_16_0/2,1312874,-416.334
NC_002066.1_17_0/2,2734512,-417.792
NC_002066.1_18_0/2,882768,-417.562
NC_002066.1_19_0/2,2955993,-421.629
NC_002066.1_20_0/2,631345,-384.195
NC_002066.1_21_0/2,2170052,-422.578
NC_002066.1_22_0/2,442302,-426.103
NC_002066.1_23_0/2,2508233,-422.386
NC_002066.1_24_0/2,2955190,-419.675
NC_002066.1_0_1/2,323118,-424.106
NC_002066.1_1_1/2,3047688,-428.196
NC_002066.1_2_1/2,2955929,-422.552
NC_002066.1_3_1/2,1330068,-417.614
NC_002066.1_4_1/2,2955190,-428.798
NC_002066.1_5_1/2,3048297,-412.164
NC_002066.1_6_1/2,37961,-421.853
NC_002066.1_7_1/2,2508237,-419.366
NC_002066.1_8_1/2,37961,-421.591
NC_002066.1_9_1/2,1330068,-421.314
NC_002066.1_10_1/2,2955454,-416.096
NC_002066.1_11_1/2,1330068,-425.69
NC_002066.1_12_1/2,3048297,-418.063
NC_002066.1_13_1/2,1330068,-424.665
NC_002066.1_14_1/2,1312874,-416.96
NC_002066.1_15_1/2,631345,-408.813
NC_002066.1_16_1/2,442302,-426.058
NC_002066.1_17_1/2,3047688,-428.671
NC_002066.1_18_1/2,37961,-424.245
NC_002066.1_19_1/2,442302,-426.219
NC_002066.1_20_1/2,2955190,-420.062
NC_002066.1_21_1/2,2508237,-419.802
NC_002066.1_22_1/2,2955929,-410.246
NC_002066.1_23_1/2,1312874,-420.285
NC_002066.1_24_1/2,3048297,-425.805
2560343,3047840,-3.03152
NC_033081.1_0_0/1,194965,-417.746
NC_033081.1_1_0/1,95342,-412.536
NC_033081.1_2_0/1,194965,-419.237
NC_033081.1_3_0/1,35612,-419.669
NC_033081.1_4_0/1,95342,-419.54
NC_033081.1_5_0/1,95342,-414.404
NC_033081.1_6_0/1,1511776,-416.971
NC_033081.1_7_0/1,95342,-412.536
NC_033081.1_8_0/1,2955263,-417.876
NC_033081.1_9_0/1,95342,-423.129
NC_033081.1_10_0/1,194965,-415.308
NC_033081.1_11_0/1,2169965,-420.145
NC_033081.1_12_0/1,194965,-419.826
NC_033081.1_13_0/1,2030964,-423.126
NC_033081.1_14_0/1,2170052,-428.675
NC_033081.1_15_0/1,194965,-419.986
NC_033081.1_16_0/1,95342,-411.364
NC_033081.1_17_0/1,194965,-418.005
NC_033081.1_18_0/1,2955263,-425.134
NC_033081.1_19_0/1,2955284,-427.955
NC_033081.1_20_0/1,312185,-423.892
NC_033081.1_21_0/1,1755588,-425.172
NC_033081.1_22_0/1,1755588,-419.683
NC_033081.1_23_0/1,95342,-419.248
NC_033081.1_24_0/1,2560597,-425.851
NC_033081.1_0_1/1,2169965,-409.012
NC_033081.1_1_1/1,95342,-415.093
NC_033081.1_2_1/1,2501965,-424.157
NC_033081.1_3_1/1,194965,-419.825
NC_033081.1_4_1/1,95342,-411.931
NC_033081.1_5_1/1,2030964,-422.501
NC_033081.1_6_1/1,2955263,-415.905
NC_033081.1_7_1/1,194965,-416.578
NC_033081.1_8_1/1,1755588,-421.382
NC_033081.1_9_1/1,2169965,-421.453
NC_033081.1_10_1/1,2169965,-408.656
NC_033081.1_11_1/1,2169965,-410.835
NC_033081.1_12_1/1,194965,-420.913
NC_033081.1_13_1/1,2169965,-415.602
NC_033081.1_14_1/1,1755588,-423.677
NC_033081.1_15_1/1,2499685,-423.039
NC_033081.1_16_1/1,194965,-425.689
NC_033081.1_17_1/1,2170052,-426.911
NC_033081.1_18_1/1,2955284,-426.643
NC_033081.1_19_1/1,2499932,-424.065
NC_033081.1_20_1/1,194965,-418.179
NC_033081.1_21_1/1,1431460,-417.141
NC_033081.1_22_1/1,194965,-423.157
NC_033081.1_23_1/1,1755588,-425.483
NC_033081.1_24_1/1,1755588,-422.07
2560343,3047840,-3.03152
NC_033081.1_0_0/2,2560597,-423.135
NC_033081.1_1_0/2,194965,-421.605
NC_033081.1_2_0/2,194965,-423.426
NC_033081.1_3_0/2,2955970,-422.887
NC_033081.1_4_0/2,1431460,-416.705
NC_033081.1_5_0/2,2169965,-416.618
NC_033081.1_6_0/2,95342,-422.447
NC_033081.1_7_0/2,2955263,-415.003
NC_033081.1_8_0/2,2170052,-420.647
NC_033081.1_9_0/2,1755588,-422.137
NC_033081.1_10_0/2,2170052,-426.856
NC_033081.1_11_0/2,1755588,-426.385
NC_033081.1_12_0/2,2499685,-416.951
NC_033081.1_13_0/2,2169965,-422.264
NC_033081.1_14_0/2,95342,-411.746
NC_033081.1_15_0/2,2955284,-425.417
NC_033081.1_16_0/2,95342,-415.527
NC_033081.1_17_0/2,95342,-422.166
NC_033081.1_18_0/2,1755588,-422.944
NC_033081.1_19_0/2,95342,-420.222
NC_033081.1_20_0/2,193121,-417.94
NC_033081.1_21_0/2,194965,-419.863
NC_033081.1_22_0/2,2169965,-408.703
NC_033081.1_23_0/2,3048320,-415.788
NC_033081.1_24_0/2,2030964,-424.491
NC_033081.1_0_1/2,95342,-418.442
NC_033081.1_1_1/2,194965,-424.237
NC_033081.1_2_1/2,194965,-420.458
NC_033081.1_3_1/2,2169965,-409.566
NC_033081.1_4_1/2,2030964,-424.723
NC_033081.1_5_1/2,194965,-420.725
NC_033081.1_6_1/2,2499622,-423.589
NC_033081.1_7_1/2,2169965,-417.362
NC_033081.1_8_1/2,2169965,-415.733
NC_033081.1_9_1/2,2499622,-422.659
NC_033081.1_10_1/2,2170052,-424.896
NC_033081.1_11_1/2,194965,-420.551
NC_033081.1_12_1/2,2499685,-422.754
NC_033081.1_13_1/2,95342,-427.179
NC_033081.1_14_1/2,2955263,-421.176
NC_033081.1_15_1/2,95342,-412.627
NC_033081.1_16_1/2,2169965,-420.449
NC_033081.1_17_1/2,12558,-417.953
NC_033081.1_18_1/2,2169965,-419.494
NC_033081.1_19_1/2,194965,-417.489
NC_033081.1_20_1/2,1511776,-420.13
NC_033081.1_21_1/2,1755588,-425.002
NC_033081.1_22_1/2,1985983,-415.96
NC_033081.1_23_1/2,2169965,-424.047
NC_033081.1_24_1/2,2560597,-423.38
3048462,3047840,-3.03152
NC_003874.1_0_0/1,1986112,-412.924
NC_003874.1_1_0/1,2955263,-419.141
NC_003874.1_2_0/1,32625,-425.123
NC_003874.1_3_0/1,37961,-412.171
NC_003874.1_4_0/1,631345,-394.292
NC_003874.1_5_0/1,631345,-399.322
NC_003874.1_6_0/1,2846037,-423.814
NC_003874.1_7_0/1,2955993,-416.258
NC_003874.1_8_0/1,2955993,-416.464
NC_003874.1_9_0/1,1803957,-417.502
NC_003874.1_10_0/1,631345,-388.018
NC_003874.1_11_0/1,2956521,-418.721
NC_003874.1_12_0/1,128818,-409.048
NC_003874.1_13_0/1,631345,-408.889
NC_003874.1_14_0/1,128818,-406.139
NC_003874.1_15_0/1,12092,-408.749
NC_003874.1_16_0/1,631345,-403.236
NC_003874.1_17_0/1,2955929,-414.544
NC_003874.1_18_0/1,2169814,-405.563
NC_003874.1_19_0/1,2508252,-415.044
NC_003874.1_20_0/1,694009,-414.167
NC_003874.1_21_0/1,2955993,-414.06
NC_003874.1_22_0/1,2956634,-421.861
NC_003874.1_23_0/1,1986960,-421.477
NC_003874.1_24_0/1,37961,-412.007
NC_003874.1_0_1/1,2508251,-411.912
NC_003874.1_1_1/1,631345,-406.226
NC_003874.1_2_1/1,1986112,-403.646
NC_003874.1_3_1/1,2169937,-410.642
NC_003874.1_4_1/1,32625,-423.815
NC_003874.1_5_1/1,2169937,-411.8
NC_003874.1_6_1/1,631345,-397.741
NC_003874.1_7_1/1,137475,-409.541
NC_003874.1_8_1/1,3048297,-419.251
NC_003874.1_9_1/1,37961,-422.541
NC_003874.1_10_1/1,1986112,-409.567
NC_003874.1_11_1/1,631345,-397.544
NC_003874.1_12_1/1,2169814,-407.04
NC_003874.1_13_1/1,2956521,-420.988
NC_003874.1_14_1/1,694009,-408.295
NC_003874.1_15_1/1,74501,-411.664
NC_003874.1_16_1/1,128818,-406.42
NC_003874.1_17_1/1,2956521,-420.4
NC_003874.1_18_1/1,1986960,-422.729
NC_003874.1_19_1/1,137475,-409.019
NC_003874.1_20_1/1,1986112,-411.755
NC_003874.1_21_1/1,74501,-408.896
NC_003874.1_22_1/1,631345,-394.557
NC_003874.1_23_1/1,1330068,-420.478
NC_003874.1_24_1/1,37961,-415.288
3048462,3047840,-3.03152
NC_003874.1_0_0/2,2956521,-421.065
NC_003874.1_1_0/2,694009,-416.967
NC_003874.1_2_0/2,631345,-387.701
NC_003874.1_3_0/2,32625,-423.315
NC_003874.1_4_0/2,2955993,-414.787
NC_003874.1_5_0/2,37961,-408.783
NC_003874.1_6_0/2,631345,-400.5
NC_003874.1_7_0/2,2955993,-419.011
NC_003874.1_8_0/2,2955993,-422.49
NC_003874.1_9_0/2,2508251,-413.94
NC_003874.1_10_0/2,2955993,-416.921
NC_003874.1_11_0/2,2846037,-423.938
NC_003874.1_12_0/2,1986112,-406.939
NC_003874.1_13_0/2,1914568,-412.108
NC_003874.1_14_0/2,631345,-390.741
NC_003874.1_15_0/2,631345,-388.018
NC_003874.1_16_0/2,2955993,-414.047
NC_003874.1_17_0/2,2508252,-411.056
NC_003874.1_18_0/2,631345,-401.204
NC_003874.1_19_0/2,37961,-410.374
NC_003874.1_20_0/2,2955454,-408.086
NC_003874.1_21_0/2,32625,-424.878
NC_003874.1_22_0/2,37961,-409.957
NC_003874.1_23_0/2,631345,-381.102
NC_003874.1_24_0/2,631345,-382.132
NC_003874.1_0_1/2,2508237,-423.157
NC_003874.1_1_1/2,1330068,-412.791
NC_003874.1_2_1/2,1986112,-411.971
NC_003874.1_3_1/2,37961,-407.926
NC_003874.1_4_1/2,2169814,-406.178
NC_003874.1_5_1/2,631345,-401.136
NC_003874.1_6_1/2,3047840,-421.183
NC_003874.1_7_1/2,1312874,-403.108
NC_003874.1_8_1/2,1986112,-405.214
NC_003874.1_9_1/2,1986112,-404.724
NC_003874.1_10_1/2,631345,-398.115
NC_003874.1_11_1/2,1986112,-404.845
NC_003874.1_12_1/2,631345,-398.215
NC_003874.1_13_1/2,631345,-401.246
NC_003874.1_14_1/2,631345,-397.74
NC_003874.1_15_1/2,1986112,-406.847
NC_003874.1_16_1/2,1986112,-405.335
NC_003874.1_17_1/2,694009,-408.114
NC_003874.1_18_1/2,1986112,-412.571
NC_003874.1_19_1/2,2955263,-419.141
NC_003874.1_20_1/2,694009,-408.779
NC_003874.1_21_1/2,3047688,-421.346
NC_003874.1_22_1/2,694009,-418.681
NC_003874.1_23_1/2,631345,-384.092
NC_003874.1_24_1/2,37961,-415.13
2560615,3047840,-3.03152
NC_024031.1_0_0/1,194965,-420.808
NC_024031.1_1_0/1,2955263,-424.283
NC_024031.1_2_0/1,2499932,-427.202
NC_024031.1_3_0/1,95342,-421.253
NC_024031.1_4_0/1,35612,-421.123
NC_024031.1_5_0/1,1755588,-421.418
NC_024031.1_6_0/1,2030964,-424.011
NC_024031.1_7_0/1,2030964,-421.656
NC_024031.1_8_0/1,194965,-419.341
NC_024031.1_9_0/1,194965,-423.874
NC_024031.1_10_0/1,194965,-420.691
NC_024031.1_11_0/1,2499932,-426.263
NC_024031.1_12_0/1,2499685,-423.509
NC_024031.1_13_0/1,194965,-421.651
NC_024031.1_14_0/1,2169965,-422.646
NC_024031.1_15_0/1,2955263,-422.565
NC_024031.1_16_0/1,95342,-419.11
NC_024031.1_17_0/1,2170052,-429.152
NC_024031.1_18_0/1,323118,-422.429
NC_024031.1_19_0/1,194965,-422.033
NC_024031.1_20_0/1,2030964,-422.998
NC_024031.1_21_0/1,2499685,-421.667
NC_024031.1_22_0/1,2955284,-422.438
NC_024031.1_23_0/1,2030964,-425.037
NC_024031.1_24_0/1,2955190,-425.193
NC_024031.1_0_1/1,95342,-417.451
NC_024031.1_1_1/1,2955284,-423.414
NC_024031.1_2_1/1,3048320,-423.56
NC_024031.1_3_1/1,2955284,-424.293
NC_024031.1_4_1/1,95342,-419.863
NC_024031.1_5_1/1,194965,-416.835
NC_024031.1_6_1/1,2499685,-417.007
NC_024031.1_7_1/1,2030964,-421.241
NC_024031.1_8_1/1,2499932,-422.388
NC_024031.1_9_1/1,2955284,-424.536
NC_024031.1_10_1/1,95342,-416.204
NC_024031.1_11_1/1,1755588,-420.622
NC_024031.1_12_1/1,194965,-417.278
NC_024031.1_13_1/1,2560597,-421.289
NC_024031.1_14_1/1,95342,-415.336
NC_024031.1_15_1/1,2170052,-428.132
NC_024031.1_16_1/1,95342,-411.995
NC_024031.1_17_1/1,2499932,-423.544
NC_024031.1_18_1/1,95342,-420.465
NC_024031.1_19_1/1,95342,-420.366
NC_024031.1_20_1/1,1239574,-424.633
NC_024031.1_21_1/1,2499685,-422.705
NC_024031.1_22_1/1,2499932,-426.456
NC_024031.1_23_1/1,32625,-423.506
NC_024031.1_24_1/1,95342,-419.309
2560615,3047840,-3.03152
NC_024031.1_0_0/2,95342,-422.704
NC_024031.1_1_0/2,2170052,-426.146
NC_024031.1_2_0/2,2560597,-422.28
NC_024031.1_3_0/2,2169965,-419.432
NC_024031.1_4_0/2,2955263,-418.782
NC_024031.1_5_0/2,2955284,-421.96
NC_024031.1_6_0/2,2030964,-427.25
NC_024031.1_7_0/2,1239574,-423.388
NC_024031.1_8_0/2,2956521,-423.447
NC_024031.1_9_0/2,2956521,-421.631
NC_024031.1_10_0/2,2560597,-424.621
NC_024031.1_11_0/2,2030964,-422.808
NC_024031.1_12_0/2,1239574,-426.487
NC_024031.1_13_0/2,2955284,-429.215
NC_024031.1_14_0/2,194965,-422.392
NC_024031.1_15_0/2,2955284,-421.827
NC_024031.1_16_0/2,2560597,-420.978
NC_024031.1_17_0/2,194965,-423.774
NC_024031.1_18_0/2,2955263,-422.024
NC_024031.1_19_0/2,2956521,-422.487
NC_024031.1_20_0/2,95342,-420.143
NC_024031.1_21_0/2,95342,-420.128
NC_024031.1_22_0/2,2030964,-422.052
NC_024031.1_23_0/2,2734512,-423.89
NC_024031.1_24_0/2,193121,-426.446
NC_024031.1_0_1/2,2955284,-422.863
NC_024031.1_1_1/2,2499685,-422.361
NC_024031.1_2_1/2,2956521,-425.759
NC_024031.1_3_1/2,95342,-423.733
NC_024031.1_4_1/2,390157,-423.479
NC_024031.1_5_1/2,2030964,-425.865
NC_024031.1_6_1/2,1511776,-421.236
NC_024031.1_7_1/2,2955284,-426.778
NC_024031.1_8_1/2,193121,-420.614
NC_024031.1_9_1/2,2955263,-420.225
NC_024031.1_10_1/2,2499932,-426.535
NC_024031.1_11_1/2,194965,-424.549
NC_024031.1_12_1/2,1312874,-416.315
NC_024031.1_13_1/2,194965,-418.733
NC_024031.1_14_1/2,2499932,-426.936
NC_024031.1_15_1/2,2030964,-421.346
NC_024031.1_16_1/2,1986113,-430.033
NC_024031.1_17_1/2,194965,-422.423
NC_024031.1_18_1/2,2030964,-424.428
NC_024031.1_19_1/2,2955284,-427.25
NC_024031.1_20_1/2,194965,-420.983
NC_024031.1_21_1/2,2499932,-424.981
NC_024031.1_22_1/2,2955263,-424.416
NC_024031.1_23_1/2,95342,-417.208
NC_024031.1_24_1/2,1511781,-421.08
3048378,3047840,-3.03152
NC_009013.1_0_0/1,12092,-410.019
NC_009013.1_1_0/1,2169814,-398.807
NC_009013.1_2_0/1,405554,-407.009
NC_009013.1_3_0/1,2560287,-411.733
NC_009013.1_4_0/1,2170052,-428.426
NC_009013.1_0_1/1,1803957,-412.829
NC_009013.1_1_1/1,2170052,-413.106
NC_009013.1_2_1/1,2560293,-410.272
NC_009013.1_3_1/1,1511781,-411.888
NC_009013.1_4_1/1,2955263,-422.995
NC_009032.1_0_0/1,137475,-416.197
NC_009032.1_1_0/1,2170052,-421.101
NC_009032.1_2_0/1,693066,-424.141
NC_009032.1_3_0/1,12092,-409.617
NC_009032.1_4_0/1,1431460,-418.764
NC_009032.1_5_0/1,2501965,-424.862
NC_009032.1_6_0/1,2734512,-422.718
NC_009032.1_7_0/1,1985983,-416.958
NC_009032.1_8_0/1,2560293,-413.674
NC_009032.1_9_0/1,2734536,-415.458
NC_009032.1_10_0/1,137475,-418.302
NC_009032.1_11_0/1,12465,-421.739
NC_009032.1_12_0/1,1803957,-405.898
NC_009032.1_13_0/1,1431460,-413.66
NC_009032.1_14_0/1,442302,-423.362
NC_009032.1_15_0/1,1914568,-416.85
NC_009032.1_16_0/1,405554,-419.248
NC_009032.1_17_0/1,2508233,-423.851
NC_009032.1_18_0/1,1431460,-414.585
NC_009032.1_19_0/1,2734512,-425.015
NC_009032.1_0_1/1,1431460,-412.271
NC_009032.1_1_1/1,1431460,-416.573
NC_009032.1_2_1/1,1803957,-413.434
NC_009032.1_3_1/1,3048343,-423.95
NC_009032.1_4_1/1,12092,-407.379
NC_009032.1_5_1/1,12465,-419.659
NC_009032.1_6_1/1,323118,-418.325
NC_009032.1_7_1/1,2845574,-416.444
NC_009032.1_8_1/1,2501969,-424.436
NC_009032.1_9_1/1,1803957,-415.208
NC_009032.1_10_1/1,2169814,-413.978
NC_009032.1_11_1/1,12465,-421.008
NC_009032.1_12_1/1,12092,-409.159
NC_009032.1_13_1/1,2560578,-418.012
NC_009032.1_14_1/1,442302,-426.041
NC_009032.1_15_1/1,3047771,-413.883
NC_009032.1_16_1/1,3047771,-417.296
NC_009032.1_17_1/1,1511781,-419.692
NC_009032.1_18_1/1,2734536,-413.406
NC_009032.1_19_1/1,12092,-412.283
3048378,3047840,-3.03152
NC_009013.1_0_0/2,2734512,-426.009
NC_009013.1_1_0/2,2955454,-412.559
NC_009013.1_2_0/2,28295,-421.342
NC_009013.1_3_0/2,2956521,-417.928
NC_009013.1_4_0/2,1312874,-416.812
NC_009013.1_0_1/2,1511781,-410.305
NC_009013.1_1_1/2,1803957,-418.39
NC_009013.1_2_1/2,95342,-410.939
NC_009013.1_3_1/2,3047771,-419.016
NC_009013.1_4_1/2,1914568,-421.52
NC_009032.1_0_0/2,2508233,-421.566
NC_009032.1_1_0/2,1914568,-418.646
NC_009032.1_2_0/2,2499685,-417.44
NC_009032.1_3_0/2,2955970,-423.496
NC_009032.1_4_0/2,2955970,-425.155
NC_009032.1_5_0/2,2501969,-423.907
NC_009032.1_6_0/2,2560578,-422.882
NC_009032.1_7_0/2,12558,-421.52
NC_009032.1_8_0/2,2170052,-426.881
NC_009032.1_9_0/2,442302,-424.89
NC_009032.1_10_0/2,3048343,-421.972
NC_009032.1_11_0/2,1431460,-412.46
NC_009032.1_12_0/2,3047688,-426.859
NC_009032.1_13_0/2,1330068,-421.206
NC_009032.1_14_0/2,312185,-424.695
NC_009032.1_15_0/2,2845574,-423.726
NC_009032.1_16_0/2,2846037,-415.49
NC_009032.1_17_0/2,2734512,-422.138
NC_009032.1_18_0/2,2170052,-428.467
NC_009032.1_19_0/2,3048299,-421.117
NC_009032.1_0_1/2,1511781,-426.746
NC_009032.1_1_1/2,2955454,-408.234
NC_009032.1_2_1/2,2955970,-426.671
NC_009032.1_3_1/2,1803957,-419.178
NC_009032.1_4_1/2,2734512,-423.19
NC_009032.1_5_1/2,1431460,-413.809
NC_009032.1_6_1/2,323118,-422.848
NC_009032.1_7_1/2,12465,-421.861
NC_009032.1_8_1/2,1431460,-415.294
NC_009032.1_9_1/2,2955993,-422.593
NC_009032.1_10_1/2,3048299,-420.605
NC_009032.1_11_1/2,2560293,-410.636
NC_009032.1_12_1/2,2956139,-421.326
NC_009032.1_13_1/2,1803957,-417.702
NC_009032.1_14_1/2,2560293,-411.405
NC_009032.1_15_1/2,2955970,-427.279
NC_009032.1_16_1/2,2508237,-422.311
NC_009032.1_17_1/2,2499685,-419.372
NC_009032.1_18_1/2,1431460,-412.943
NC_009032.1_19_1/2,1986113,-422.93
