65093,649756,-2.90904
NC_019779.1_0_0/1,626937,-419.166
NC_019779.1_1_0/1,2743772,-425.902
NC_019779.1_2_0/1,1230341,-430.576
NC_019779.1_3_0/1,1603,-427.83
NC_019779.1_4_0/1,33934,-423.637
NC_019779.1_5_0/1,291990,-425.808
NC_019779.1_6_0/1,2980027,-401.672
NC_019779.1_7_0/1,2743772,-425.946
NC_019779.1_8_0/1,863643,-422.857
NC_019779.1_9_0/1,1761012,-424.24
NC_019779.1_10_0/1,37482,-422.533
NC_019779.1_11_0/1,2320858,-411.443
NC_019779.1_12_0/1,375175,-419.595
NC_019779.1_13_0/1,375175,-426.637
NC_019779.1_14_0/1,291990,-424.399
NC_019779.1_15_0/1,39483,-408.561
NC_019779.1_16_0/1,1582259,-421.345
NC_019779.1_17_0/1,89093,-419.798
NC_019779.1_18_0/1,296745,-421.235
NC_019779.1_19_0/1,79883,-421.995
NC_019779.1_20_0/1,356322,-420.021
NC_019779.1_21_0/1,33033,-391.47
NC_019779.1_22_0/1,208199,-419.873
NC_019779.1_23_0/1,86665,-423.499
NC_019779.1_24_0/1,2980027,-420.076
NC_019779.1_0_1/1,33038,-416.117
NC_019779.1_1_1/1,1514105,-417.864
NC_019779.1_2_1/1,2099786,-422.085
NC_019779.1_3_1/1,2592382,-430.78
NC_019779.1_4_1/1,2026,-420.304
NC_019779.1_5_1/1,136609,-420.017
NC_019779.1_6_1/1,154046,-428.288
NC_019779.1_7_1/1,2592382,-425.471
NC_019779.1_8_1/1,1514105,-411.253
NC_019779.1_9_1/1,356322,-425.101
NC_019779.1_10_1/1,37482,-428.389
NC_019779.1_11_1/1,338645,-418.833
NC_019779.1_12_1/1,33959,-409.116
NC_019779.1_13_1/1,37482,-421.578
NC_019779.1_14_1/1,166486,-418.275
NC_019779.1_15_1/1,84135,-389.805
NC_019779.1_16_1/1,189381,-424.85
NC_019779.1_17_1/1,1761012,-422.335
NC_019779.1_18_1/1,66219,-412.414
NC_019779.1_19_1/1,1582259,-422.879
NC_019779.1_20_1/1,1603,-426.726
NC_019779.1_21_1/1,208226,-418.222
NC_019779.1_22_1/1,1514105,-411.031
NC_019779.1_23_1/1,1449,-414.193
NC_019779.1_24_1/1,296745,-422.63
65093,649756,-2.90904
NC_019779.1_0_0/2,1496,-389.261
NC_019779.1_1_0/2,28038,-417.118
NC_019779.1_2_0/2,1603,-420.464
NC_019779.1_3_0/2,104955,-425.807
NC_019779.1_4_0/2,2743772,-419.374
NC_019779.1_5_0/2,189381,-421.088
NC_019779.1_6_0/2,412384,-417.472
NC_019779.1_7_0/2,2592382,-429.094
NC_019779.1_8_0/2,1603,-425.044
NC_019779.1_9_0/2,2593652,-413.069
NC_019779.1_10_0/2,2731377,-413.475
NC_019779.1_11_0/2,189381,-432.627
NC_019779.1_12_0/2,1720083,-421.52
NC_019779.1_13_0/2,240427,-424.983
NC_019779.1_14_0/2,2593652,-420.916
NC_019779.1_15_0/2,3036945,-424.738
NC_019779.1_16_0/2,2593652,-414.794
NC_019779.1_17_0/2,1981510,-415.794
NC_019779.1_18_0/2,89093,-417.355
NC_019779.1_19_0/2,58138,-425.766
NC_019779.1_20_0/2,938288,-411.11
NC_019779.1_21_0/2,2980027,-409.698
NC_019779.1_22_0/2,1603,-434.299
NC_019779.1_23_0/2,649756,-413.549
NC_019779.1_24_0/2,86665,-421.221
NC_019779.1_0_1/2,33038,-415.948
NC_019779.1_1_1/2,2593652,-416.444
NC_019779.1_2_1/2,2528593,-425.076
NC_019779.1_3_1/2,1461582,-427.028
NC_019779.1_4_1/2,2528593,-419.4
NC_019779.1_5_1/2,1074467,-410.659
NC_019779.1_6_1/2,2026,-416.428
NC_019779.1_7_1/2,240427,-422.726
NC_019779.1_8_1/2,33037,-386.927
NC_019779.1_9_1/2,1323375,-417.839
NC_019779.1_10_1/2,2099786,-424.311
NC_019779.1_11_1/2,86665,-427.565
NC_019779.1_12_1/2,28038,-416.533
NC_019779.1_13_1/2,129958,-425.207
NC_019779.1_14_1/2,375175,-415.804
NC_019779.1_15_1/2,1476,-424.457
NC_019779.1_16_1/2,104955,-421.359
NC_019779.1_17_1/2,1462,-423.483
NC_019779.1_18_1/2,1589,-427.16
NC_019779.1_19_1/2,2026,-419.381
NC_019779.1_20_1/2,51515,-420.177
NC_019779.1_21_1/2,1230341,-421.961
NC_019779.1_22_1/2,79883,-414.624
NC_019779.1_23_1/2,2528593,-419.516
NC_019779.1_24_1/2,240427,-429.24
102116,649756,-2.90904
NC_019748.1_0_0/1,2331,-409.076
NC_019748.1_1_0/1,938288,-399.745
NC_019748.1_2_0/1,240427,-431.106
NC_019748.1_3_0/1,269673,-422.892
NC_019748.1_4_0/1,53444,-393.673
NC_019748.1_0_1/1,2293317,-402.061
NC_019748.1_1_1/1,89093,-413.507
NC_019748.1_2_1/1,28038,-419.614
NC_019748.1_3_1/1,1115758,-380.327
NC_019748.1_4_1/1,236753,-398.767
NC_019748.1_5_1/1,69966,-416.211
NC_019765.1_0_0/1,1323375,-412.289
NC_019765.1_1_0/1,412384,-419.19
NC_019765.1_2_0/1,53444,-399.932
NC_019765.1_3_0/1,1397,-406.719
NC_019765.1_4_0/1,86332,-419.814
NC_019765.1_5_0/1,386490,-418.184
NC_019765.1_0_1/1,938288,-415.537
NC_019765.1_1_1/1,2742683,-414.946
NC_019765.1_2_1/1,86332,-418.354
NC_019765.1_3_1/1,58138,-421.499
NC_019765.1_4_1/1,356322,-428.848
NC_019765.1_5_1/1,2592382,-422.087
NC_019765.1_6_1/1,59610,-424.726
NC_019749.1_0_0/1,1260,-386.642
NC_019749.1_0_1/1,1603,-426.182
NC_019750.1_0_0/1,1603,-428.744
NC_019750.1_1_0/1,2593652,-417.57
NC_019750.1_2_0/1,33033,-371.634
NC_019750.1_3_0/1,356322,-419.389
NC_019750.1_0_1/1,2592382,-422.162
NC_019750.1_1_1/1,240427,-427.098
NC_019750.1_2_1/1,1582259,-417.936
NC_019750.1_3_1/1,28446,-414.46
NC_019750.1_4_1/1,2331,-393.872
NC_020052.1_0_0/1,1597,-417.778
NC_020052.1_0_1/1,33959,-400.296
NC_020052.1_1_1/1,236753,-404.175
NC_019766.1_0_0/1,1280,-400.918
NC_019766.1_1_0/1,84135,-390.91
NC_019766.1_2_0/1,129958,-408.228
NC_019766.1_3_0/1,2756,-407.031
NC_019766.1_4_0/1,1280,-410.52
NC_019766.1_5_0/1,2419772,-398.902
NC_019766.1_0_1/1,938288,-404.184
NC_019766.1_1_1/1,1185412,-407.266
NC_019766.1_2_1/1,86665,-423.61
NC_019766.1_3_1/1,1859475,-403.411
NC_019766.1_4_1/1,33033,-391.041
NC_019766.1_5_1/1,236753,-415.034
102116,649756,-2.90904
NC_019748.1_0_0/2,1074467,-415.343
NC_019748.1_1_0/2,1323375,-409.138
NC_019748.1_2_0/2,2731377,-416.889
NC_019748.1_3_0/2,208479,-433.503
NC_019748.1_4_0/2,69966,-420.277
NC_019748.1_0_1/2,236753,-406.637
NC_019748.1_1_1/2,911092,-415.645
NC_019748.1_2_1/2,2592382,-428.292
NC_019748.1_3_1/2,33033,-352.007
NC_019748.1_4_1/2,412384,-404.928
NC_019748.1_5_1/2,1496,-384.895
NC_019765.1_0_0/2,2331,-399.575
NC_019765.1_1_0/2,1461582,-414.553
NC_019765.1_2_0/2,1397,-413.03
NC_019765.1_3_0/2,2592382,-423.168
NC_019765.1_4_0/2,89093,-419.555
NC_019765.1_5_0/2,59610,-423.581
NC_019765.1_0_1/2,129958,-402.61
NC_019765.1_1_1/2,69966,-417.569
NC_019765.1_2_1/2,33959,-394.617
NC_019765.1_3_1/2,154288,-402.612
NC_019765.1_4_1/2,365349,-423.2
NC_019765.1_5_1/2,39485,-412.298
NC_019765.1_6_1/2,2592382,-428.364
NC_019749.1_0_0/2,2331,-396.006
NC_019749.1_0_1/2,1302659,-416.921
NC_019750.1_0_0/2,1397,-417.006
NC_019750.1_1_0/2,375175,-413.763
NC_019750.1_2_0/2,375175,-409.904
NC_019750.1_3_0/2,2925830,-424.424
NC_019750.1_0_1/2,129958,-422.468
NC_019750.1_1_1/2,1145276,-424.372
NC_019750.1_2_1/2,1074467,-416.612
NC_019750.1_3_1/2,2592382,-430.509
NC_019750.1_4_1/2,884684,-419.519
NC_020052.1_0_0/2,84135,-400.842
NC_020052.1_0_1/2,1859475,-398.282
NC_020052.1_1_1/2,84135,-402.716
NC_019766.1_0_0/2,2593652,-425.321
NC_019766.1_1_0/2,236753,-409.997
NC_019766.1_2_0/2,1280,-401.656
NC_019766.1_3_0/2,1859475,-404.77
NC_019766.1_4_0/2,84135,-389.717
NC_019766.1_5_0/2,1280,-386.778
NC_019766.1_0_1/2,33033,-379.517
NC_019766.1_1_1/2,84135,-390.493
NC_019766.1_2_1/2,1731,-427.764
NC_019766.1_3_1/2,1280,-392.316
NC_019766.1_4_1/2,1731,-424.545
NC_019766.1_5_1/2,1720083,-414.172
2546356,649756,-2.90904
NC_011729.1_0_0/1,89093,-408.01
NC_011729.1_1_0/1,2731377,-418.916
NC_011729.1_2_0/1,2331,-382.171
NC_011729.1_3_0/1,1589,-430.187
NC_011729.1_0_1/1,1859475,-399.788
NC_011729.1_1_1/1,33033,-396.102
NC_011729.1_2_1/1,129958,-425.437
NC_011729.1_3_1/1,2331,-387.202
NC_011738.1_0_0/1,54005,-399.377
NC_011738.1_1_0/1,89093,-410.478
NC_011738.1_2_0/1,2331,-386.24
NC_011738.1_3_0/1,1556,-401.478
NC_011738.1_4_0/1,2751313,-409.523
NC_011738.1_0_1/1,2331,-367.339
NC_011738.1_1_1/1,2331,-388.746
NC_011738.1_2_1/1,165096,-408.888
NC_011738.1_3_1/1,69966,-418.121
NC_011738.1_4_1/1,2925830,-423.304
NC_011737.1_0_0/1,2731377,-412.591
NC_011737.1_1_0/1,1476,-418.307
NC_011737.1_0_1/1,1323375,-410.97
NC_011737.1_1_1/1,911092,-408.332
NC_011730.1_0_0/1,2593652,-418.106
NC_011730.1_1_0/1,208226,-414.994
NC_011730.1_2_0/1,2742683,-407.139
NC_011730.1_0_1/1,2593652,-418.274
NC_011730.1_1_1/1,1720083,-416.305
NC_011730.1_2_1/1,143361,-409.527
NC_011732.1_0_0/1,2026,-416.213
NC_011732.1_1_0/1,236753,-401.89
NC_011732.1_2_0/1,104955,-423.776
NC_011732.1_3_0/1,42838,-429.742
NC_011732.1_4_0/1,1323375,-411.725
NC_011732.1_0_1/1,375175,-420.429
NC_011732.1_1_1/1,54005,-401.165
NC_011732.1_2_1/1,1260,-404.116
NC_011732.1_3_1/1,2925830,-419.365
NC_011732.1_4_1/1,938288,-408.052
NC_011733.1_0_0/1,129958,-419.974
NC_011733.1_1_0/1,89152,-392.182
NC_011733.1_0_1/1,2331,-380.611
NC_011733.1_1_1/1,1556,-400.829
NC_011733.1_2_1/1,911092,-416.407
NC_011734.1_0_0/1,2934315,-418.57
NC_011734.1_1_0/1,236753,-416.106
NC_011734.1_2_0/1,59610,-423.912
NC_011734.1_0_1/1,626937,-431.633
NC_011734.1_1_1/1,2756,-407.959
NC_011734.1_2_1/1,2593652,-422.021
NC_011734.1_3_1/1,2731377,-426.842
2546356,649756,-2.90904
NC_011729.1_0_0/2,33952,-407.603
NC_011729.1_1_0/2,1193713,-415.849
NC_011729.1_2_0/2,236753,-403.883
NC_011729.1_3_0/2,291990,-418.843
NC_011729.1_0_1/2,165096,-408.609
NC_011729.1_1_1/2,189381,-427.095
NC_011729.1_2_1/2,86332,-417.042
NC_011729.1_3_1/2,412384,-410.587
NC_011738.1_0_0/2,54005,-416.265
NC_011738.1_1_0/2,884684,-416.317
NC_011738.1_2_0/2,1278232,-399.994
NC_011738.1_3_0/2,911092,-423.492
NC_011738.1_4_0/2,365349,-419.224
NC_011738.1_0_1/2,1260,-394.518
NC_011738.1_1_1/2,66219,-414.114
NC_011738.1_2_1/2,33033,-384.772
NC_011738.1_3_1/2,53444,-403.617
NC_011738.1_4_1/2,2925830,-424.306
NC_011737.1_0_0/2,1720083,-419.219
NC_011737.1_1_0/2,1796620,-430.809
NC_011737.1_0_1/2,2934315,-406.032
NC_011737.1_1_1/2,2592382,-426.625
NC_011730.1_0_0/2,129958,-414.14
NC_011730.1_1_0/2,938288,-408.305
NC_011730.1_2_0/2,240427,-430.433
NC_011730.1_0_1/2,1514105,-410.788
NC_011730.1_1_1/2,129958,-411.436
NC_011730.1_2_1/2,626937,-423.796
NC_011732.1_0_0/2,58138,-422.47
NC_011732.1_1_0/2,1260,-393.565
NC_011732.1_2_0/2,236753,-405.472
NC_011732.1_3_0/2,86332,-424.49
NC_011732.1_4_0/2,59610,-420.695
NC_011732.1_0_1/2,2980027,-418.046
NC_011732.1_1_1/2,129958,-405.278
NC_011732.1_2_1/2,1230341,-422.599
NC_011732.1_3_1/2,54005,-396.986
NC_011732.1_4_1/2,1323375,-406.519
NC_011733.1_0_0/2,240427,-428.756
NC_011733.1_1_0/2,2576307,-396.973
NC_011733.1_0_1/2,154288,-412.002
NC_011733.1_1_1/2,240427,-429.961
NC_011733.1_2_1/2,356322,-425.627
NC_011734.1_0_0/2,2980027,-412.051
NC_011734.1_1_0/2,1280,-398.259
NC_011734.1_2_0/2,31909,-410.217
NC_011734.1_0_1/2,31909,-410.101
NC_011734.1_1_1/2,53444,-401.817
NC_011734.1_2_1/2,1496,-395.164
NC_011734.1_3_1/2,53444,-404.03
2874213,649756,-2.90904
NZ_CP051167.1_0_0/1,2610895,-422.253
NZ_CP051167.1_1_0/1,2925830,-424.924
NZ_CP051167.1_2_0/1,291990,-424.369
NZ_CP051167.1_3_0/1,1462,-410.988
NZ_CP051167.1_4_0/1,1461582,-423.048
NZ_CP051167.1_5_0/1,1462,-417.751
NZ_CP051167.1_6_0/1,332410,-421.199
NZ_CP051167.1_7_0/1,471827,-417.67
NZ_CP051167.1_8_0/1,2751313,-420.589
NZ_CP051167.1_9_0/1,129958,-419.979
NZ_CP051167.1_10_0/1,1462,-415.937
NZ_CP051167.1_11_0/1,37482,-424.396
NZ_CP051167.1_12_0/1,1462,-419.902
NZ_CP051167.1_13_0/1,3036945,-424.333
NZ_CP051167.1_14_0/1,1462,-424.532
NZ_CP051167.1_15_0/1,1597,-416.314
NZ_CP051167.1_16_0/1,33934,-417.388
NZ_CP051167.1_17_0/1,2592382,-427.54
NZ_CP051167.1_18_0/1,2709410,-426.095
NZ_CP051167.1_19_0/1,129958,-419.318
NZ_CP051167.1_20_0/1,1462,-419.461
NZ_CP051167.1_21_0/1,471827,-410.614
NZ_CP051167.1_22_0/1,2925830,-425.469
NZ_CP051167.1_23_0/1,2866627,-417.726
NZ_CP051167.1_24_0/1,884684,-418.146
NZ_CP051167.1_0_1/1,33037,-375.044
NZ_CP051167.1_1_1/1,1462,-423.123
NZ_CP051167.1_2_1/1,269673,-421.705
NZ_CP051167.1_3_1/1,1462,-420.067
NZ_CP051167.1_4_1/1,1461582,-421.819
NZ_CP051167.1_5_1/1,69823,-422.575
NZ_CP051167.1_6_1/1,2731377,-401.948
NZ_CP051167.1_7_1/1,2709410,-420.003
NZ_CP051167.1_8_1/1,2026,-421.408
NZ_CP051167.1_9_1/1,884684,-422.134
NZ_CP051167.1_10_1/1,1462,-422.53
NZ_CP051167.1_11_1/1,471827,-427.371
NZ_CP051167.1_12_1/1,2743772,-427.726
NZ_CP051167.1_13_1/1,332410,-416.963
NZ_CP051167.1_14_1/1,626937,-420.089
NZ_CP051167.1_15_1/1,37482,-423.429
NZ_CP051167.1_16_1/1,2593652,-419.37
NZ_CP051167.1_17_1/1,2866627,-401.493
NZ_CP051167.1_18_1/1,471827,-418.271
NZ_CP051167.1_19_1/1,33952,-416.508
NZ_CP051167.1_20_1/1,2866627,-403.62
NZ_CP051167.1_21_1/1,2026,-416.522
NZ_CP051167.1_22_1/1,1462,-416.228
NZ_CP051167.1_23_1/1,2866627,-394.684
NZ_CP051167.1_24_1/1,332410,-420.146
2874213,649756,-2.90904
NZ_CP051167.1_0_0/2,411483,-426.489
NZ_CP051167.1_1_0/2,28038,-419.478
NZ_CP051167.1_2_0/2,269673,-416.048
NZ_CP051167.1_3_0/2,1462,-418.811
NZ_CP051167.1_4_0/2,2026,-417.881
NZ_CP051167.1_5_0/2,33934,-408.233
NZ_CP051167.1_6_0/2,2866627,-413.969
NZ_CP051167.1_7_0/2,471827,-421.753
NZ_CP051167.1_8_0/2,2763056,-418.31
NZ_CP051167.1_9_0/2,332410,-418.422
NZ_CP051167.1_10_0/2,2026,-421.394
NZ_CP051167.1_11_0/2,37482,-423.185
NZ_CP051167.1_12_0/2,471827,-422.225
NZ_CP051167.1_13_0/2,471827,-415.568
NZ_CP051167.1_14_0/2,2866627,-407.861
NZ_CP051167.1_15_0/2,471827,-420.783
NZ_CP051167.1_16_0/2,189381,-426.989
NZ_CP051167.1_17_0/2,2592382,-424.559
NZ_CP051167.1_18_0/2,2026,-415.254
NZ_CP051167.1_19_0/2,1981510,-416.808
NZ_CP051167.1_20_0/2,2966552,-422.326
NZ_CP051167.1_21_0/2,1462,-410.906
NZ_CP051167.1_22_0/2,2582419,-423.745
NZ_CP051167.1_23_0/2,911092,-414.753
NZ_CP051167.1_24_0/2,296745,-424.195
NZ_CP051167.1_0_1/2,189381,-421.011
NZ_CP051167.1_1_1/2,69823,-415.814
NZ_CP051167.1_2_1/2,1302659,-415.209
NZ_CP051167.1_3_1/2,2026,-420.367
NZ_CP051167.1_4_1/2,269673,-415.021
NZ_CP051167.1_5_1/2,1462,-419.256
NZ_CP051167.1_6_1/2,626937,-424.217
NZ_CP051167.1_7_1/2,291990,-429.825
NZ_CP051167.1_8_1/2,471827,-413.092
NZ_CP051167.1_9_1/2,1461582,-417.733
NZ_CP051167.1_10_1/2,2966552,-423.541
NZ_CP051167.1_11_1/2,332410,-416.072
NZ_CP051167.1_12_1/2,471827,-419.194
NZ_CP051167.1_13_1/2,626937,-418.803
NZ_CP051167.1_14_1/2,1462,-417.873
NZ_CP051167.1_15_1/2,2734,-414.742
NZ_CP051167.1_16_1/2,332410,-421.871
NZ_CP051167.1_17_1/2,332410,-422.246
NZ_CP051167.1_18_1/2,907,-429.489
NZ_CP051167.1_19_1/2,2026,-415.889
NZ_CP051167.1_20_1/2,2734,-416.182
NZ_CP051167.1_21_1/2,269673,-419.605
NZ_CP051167.1_22_1/2,471827,-412
NZ_CP051167.1_23_1/2,1462,-415.045
NZ_CP051167.1_24_1/2,332410,-424.568
32046,649756,-2.90904
NC_007604.1_0_0/1,411483,-417.913
NC_007604.1_1_0/1,69823,-421.199
NC_007604.1_2_0/1,411483,-426.217
NC_007604.1_3_0/1,411483,-424.271
NC_007604.1_4_0/1,1597,-425.276
NC_007604.1_5_0/1,3036945,-424.286
NC_007604.1_6_0/1,411483,-421.849
NC_007604.1_7_0/1,907,-428.587
NC_007604.1_8_0/1,411483,-423.63
NC_007604.1_9_0/1,411483,-417.677
NC_007604.1_10_0/1,411483,-418.137
NC_007604.1_0_1/1,411483,-426.691
NC_007604.1_1_1/1,411483,-422.802
NC_007604.1_2_1/1,2592382,-434.947
NC_007604.1_3_1/1,1462,-419.445
NC_007604.1_4_1/1,161154,-426.799
NC_007604.1_5_1/1,1597,-418.59
NC_007604.1_6_1/1,411483,-425.785
NC_007604.1_7_1/1,411483,-422.59
NC_007604.1_8_1/1,411483,-415.039
NC_007604.1_9_1/1,3036945,-427.543
NC_007604.1_10_1/1,1796620,-424.313
NC_007604.1_11_1/1,69823,-418.664
NC_007595.1_0_0/1,3036945,-424.617
NC_007595.1_1_0/1,1597,-421.016
NC_007595.1_2_0/1,2610895,-421.562
NC_007595.1_3_0/1,2709410,-423.823
NC_007595.1_4_0/1,37482,-425.012
NC_007595.1_5_0/1,2331,-399.096
NC_007595.1_6_0/1,411483,-413.419
NC_007595.1_7_0/1,2592382,-430.919
NC_007595.1_8_0/1,2743772,-425.713
NC_007595.1_9_0/1,907,-426.446
NC_007595.1_10_0/1,54005,-413.051
NC_007595.1_11_0/1,907,-432.945
NC_007595.1_12_0/1,2528593,-424.13
NC_007595.1_0_1/1,240427,-431.483
NC_007595.1_1_1/1,2592382,-432.042
NC_007595.1_2_1/1,2382161,-410.994
NC_007595.1_3_1/1,69823,-416.968
NC_007595.1_4_1/1,411483,-419.545
NC_007595.1_5_1/1,161154,-425.938
NC_007595.1_6_1/1,411483,-419.983
NC_007595.1_7_1/1,42838,-419.372
NC_007595.1_8_1/1,86665,-429.401
NC_007595.1_9_1/1,411483,-417.611
NC_007595.1_10_1/1,411483,-424.429
NC_007595.1_11_1/1,2925830,-423.333
NC_007595.1_12_1/1,2763056,-421.014
NC_007595.1_13_1/1,1582259,-420.79
32046,649756,-2.90904
NC_007604.1_0_0/2,471827,-426.087
NC_007604.1_1_0/2,2734,-411.008
NC_007604.1_2_0/2,69823,-421.315
NC_007604.1_3_0/2,2966552,-424.562
NC_007604.1_4_0/2,1776384,-420.301
NC_007604.1_5_0/2,471827,-430.068
NC_007604.1_6_0/2,2743772,-430.685
NC_007604.1_7_0/2,907,-427.424
NC_007604.1_8_0/2,2610895,-412.93
NC_007604.1_9_0/2,411483,-424.511
NC_007604.1_10_0/2,471827,-413.659
NC_007604.1_0_1/2,2734,-413.2
NC_007604.1_1_1/2,411483,-416.031
NC_007604.1_2_1/2,471827,-422.844
NC_007604.1_3_1/2,411483,-420.68
NC_007604.1_4_1/2,411483,-425.018
NC_007604.1_5_1/2,2763056,-416.244
NC_007604.1_6_1/2,3036945,-421.76
NC_007604.1_7_1/2,37482,-425.003
NC_007604.1_8_1/2,69823,-421.73
NC_007604.1_9_1/2,2709410,-424.418
NC_007604.1_10_1/2,471827,-415.871
NC_007604.1_11_1/2,2709410,-414.5
NC_007595.1_0_0/2,411483,-421.268
NC_007595.1_1_0/2,104955,-421.989
NC_007595.1_2_0/2,161154,-425.292
NC_007595.1_3_0/2,236753,-411.439
NC_007595.1_4_0/2,411483,-423.496
NC_007595.1_5_0/2,236753,-410.66
NC_007595.1_6_0/2,42838,-422.38
NC_007595.1_7_0/2,911092,-417.338
NC_007595.1_8_0/2,471827,-414.839
NC_007595.1_9_0/2,240427,-427.254
NC_007595.1_10_0/2,89093,-414.138
NC_007595.1_11_0/2,2036206,-428.687
NC_007595.1_12_0/2,236753,-408.477
NC_007595.1_0_1/2,2610895,-420.929
NC_007595.1_1_1/2,1597,-422.545
NC_007595.1_2_1/2,2813371,-393.744
NC_007595.1_3_1/2,2709410,-422.797
NC_007595.1_4_1/2,2592382,-427.137
NC_007595.1_5_1/2,338645,-416.453
NC_007595.1_6_1/2,2763056,-420.16
NC_007595.1_7_1/2,69823,-419.162
NC_007595.1_8_1/2,161154,-426.469
NC_007595.1_9_1/2,69823,-413.147
NC_007595.1_10_1/2,411483,-418.965
NC_007595.1_11_1/2,626937,-429.349
NC_007595.1_12_1/2,42838,-426.885
NC_007595.1_13_1/2,189381,-415.646
1209493,649756,-2.90904
NZ_CP021983.2_0_0/1,2610895,-425.141
NZ_CP021983.2_1_0/1,1796620,-426.84
NZ_CP021983.2_2_0/1,938288,-415.153
NZ_CP021983.2_3_0/1,3036945,-426.846
NZ_CP021983.2_4_0/1,2610895,-431.244
NZ_CP021983.2_5_0/1,471827,-423.477
NZ_CP021983.2_6_0/1,2763667,-423.522
NZ_CP021983.2_7_0/1,129958,-413.706
NZ_CP021983.2_8_0/1,2763056,-420.61
NZ_CP021983.2_9_0/1,2763056,-422.114
NZ_CP021983.2_10_0/1,471827,-417.958
NZ_CP021983.2_11_0/1,33038,-419.85
NZ_CP021983.2_12_0/1,2734,-412.863
NZ_CP021983.2_13_0/1,296745,-421.952
NZ_CP021983.2_14_0/1,411483,-422.054
NZ_CP021983.2_15_0/1,161154,-427.252
NZ_CP021983.2_16_0/1,411483,-415.063
NZ_CP021983.2_17_0/1,386490,-424.295
NZ_CP021983.2_18_0/1,1461582,-417.076
NZ_CP021983.2_19_0/1,2610895,-424.859
NZ_CP021983.2_20_0/1,2610895,-426.317
NZ_CP021983.2_21_0/1,411483,-418.554
NZ_CP021983.2_22_0/1,1597,-425.684
NZ_CP021983.2_23_0/1,2610895,-429.114
NZ_CP021983.2_24_0/1,2610895,-415.552
NZ_CP021983.2_0_1/1,2610895,-421.252
NZ_CP021983.2_1_1/1,2966552,-418.491
NZ_CP021983.2_2_1/1,3036945,-425.006
NZ_CP021983.2_3_1/1,411483,-421.404
NZ_CP021983.2_4_1/1,58138,-422.761
NZ_CP021983.2_5_1/1,471827,-408.179
NZ_CP021983.2_6_1/1,161154,-430.947
NZ_CP021983.2_7_1/1,471827,-422.082
NZ_CP021983.2_8_1/1,39485,-408.141
NZ_CP021983.2_9_1/1,1597,-424.011
NZ_CP021983.2_10_1/1,2610895,-422.729
NZ_CP021983.2_11_1/1,42838,-418.936
NZ_CP021983.2_12_1/1,471827,-418.706
NZ_CP021983.2_13_1/1,2610895,-416.008
NZ_CP021983.2_14_1/1,3036945,-419.887
NZ_CP021983.2_15_1/1,3036945,-421.446
NZ_CP021983.2_16_1/1,2610895,-406.627
NZ_CP021983.2_17_1/1,240427,-432.753
NZ_CP021983.2_18_1/1,42838,-408.987
NZ_CP021983.2_19_1/1,2934315,-407.685
NZ_CP021983.2_20_1/1,907,-424.566
NZ_CP021983.2_21_1/1,1582259,-417.924
NZ_CP021983.2_22_1/1,2528593,-428.312
NZ_CP021983.2_23_1/1,1230341,-431.693
NZ_CP021983.2_24_1/1,2763056,-423.651
1209493,649756,-2.90904
NZ_CP021983.2_0_0/2,905,-422.753
NZ_CP021983.2_1_0/2,189381,-419.062
NZ_CP021983.2_2_0/2,1514105,-407.847
NZ_CP021983.2_3_0/2,69823,-430.584
NZ_CP021983.2_4_0/2,471827,-423.72
NZ_CP021983.2_5_0/2,42838,-416.036
NZ_CP021983.2_6_0/2,1796620,-429.931
NZ_CP021983.2_7_0/2,1796620,-422.756
NZ_CP021983.2_8_0/2,2610895,-418.273
NZ_CP021983.2_9_0/2,471827,-416.842
NZ_CP021983.2_10_0/2,471827,-415.746
NZ_CP021983.2_11_0/2,86332,-420.97
NZ_CP021983.2_12_0/2,2734,-405.771
NZ_CP021983.2_13_0/2,42838,-429.608
NZ_CP021983.2_14_0/2,42838,-415.15
NZ_CP021983.2_15_0/2,37482,-430.245
NZ_CP021983.2_16_0/2,2610895,-426.636
NZ_CP021983.2_17_0/2,2734,-416.38
NZ_CP021983.2_18_0/2,37482,-430.039
NZ_CP021983.2_19_0/2,907,-428.966
NZ_CP021983.2_20_0/2,2610895,-418.147
NZ_CP021983.2_21_0/2,2714353,-429.724
NZ_CP021983.2_22_0/2,86332,-421.249
NZ_CP021983.2_23_0/2,189381,-432.419
NZ_CP021983.2_24_0/2,2763056,-418.33
NZ_CP021983.2_0_1/2,1323375,-404.964
NZ_CP021983.2_1_1/2,905,-422.108
NZ_CP021983.2_2_1/2,411483,-424.11
NZ_CP021983.2_3_1/2,2528593,-417.982
NZ_CP021983.2_4_1/2,356322,-415.584
NZ_CP021983.2_5_1/2,42838,-417.138
NZ_CP021983.2_6_1/2,2763056,-417.723
NZ_CP021983.2_7_1/2,471827,-417.826
NZ_CP021983.2_8_1/2,2528593,-422.119
NZ_CP021983.2_9_1/2,2709410,-422.005
NZ_CP021983.2_10_1/2,2610895,-419.485
NZ_CP021983.2_11_1/2,1796620,-427.886
NZ_CP021983.2_12_1/2,471827,-417.595
NZ_CP021983.2_13_1/2,2763056,-415.56
NZ_CP021983.2_14_1/2,2709410,-431.838
NZ_CP021983.2_15_1/2,3036945,-425.771
NZ_CP021983.2_16_1/2,69823,-415.937
NZ_CP021983.2_17_1/2,161154,-436.436
NZ_CP021983.2_18_1/2,411483,-419.302
NZ_CP021983.2_19_1/2,86332,-425.242
NZ_CP021983.2_20_1/2,154046,-423.553
NZ_CP021983.2_21_1/2,911092,-409.263
NZ_CP021983.2_22_1/2,1796620,-432.67
NZ_CP021983.2_23_1/2,471827,-416.362
NZ_CP021983.2_24_1/2,411483,-421.307
2546360,649756,-2.90904
NC_010546.1_0_0/1,2980027,-405.432
NC_010546.1_0_1/1,39485,-406.772
NC_010546.1_1_1/1,2731377,-417.056
NC_010547.1_0_0/1,59610,-427.172
NC_010547.1_1_0/1,13076,-406.825
NC_010547.1_2_0/1,236753,-407.567
NC_010547.1_3_0/1,1230341,-432.099
NC_010547.1_0_1/1,2331,-392
NC_010547.1_1_1/1,1323375,-406.528
NC_010547.1_2_1/1,86332,-423.32
NC_010547.1_3_1/1,89093,-417.906
NC_010547.1_4_1/1,1280,-408.147
NC_010539.1_0_0/1,54005,-417.44
NC_010539.1_1_0/1,33959,-406.99
NC_010539.1_2_0/1,412384,-416.686
NC_010539.1_0_1/1,2099786,-421.716
NC_010539.1_1_1/1,69966,-414.254
NC_010539.1_2_1/1,2593652,-421.08
NC_010539.1_3_1/1,33033,-388.18
NC_010541.1_0_0/1,161154,-422.869
NC_010541.1_0_1/1,2026,-420.824
NC_010541.1_1_1/1,2331,-410.8
NC_010543.1_0_0/1,2293317,-402.365
NC_010543.1_1_0/1,59610,-421.698
NC_010543.1_2_0/1,59610,-416.82
NC_010543.1_3_0/1,31909,-415.641
NC_010543.1_4_0/1,1185412,-390.874
NC_010543.1_0_1/1,33037,-368.733
NC_010543.1_1_1/1,84135,-383.757
NC_010543.1_2_1/1,54005,-412.503
NC_010543.1_3_1/1,89093,-411.347
NC_010543.1_4_1/1,236753,-410.692
NC_010542.1_0_0/1,33033,-384.692
NC_010542.1_1_0/1,338645,-412.556
NC_010542.1_2_0/1,59610,-425.55
NC_010542.1_3_0/1,2099786,-424.097
NC_010542.1_4_0/1,2925830,-421.291
NC_010542.1_5_0/1,33033,-349.606
NC_010542.1_6_0/1,1323375,-403.556
NC_010542.1_7_0/1,89093,-423.828
NC_010542.1_8_0/1,2731377,-416.729
NC_010542.1_0_1/1,1074467,-416.599
NC_010542.1_1_1/1,143361,-407.215
NC_010542.1_2_1/1,2925830,-418.131
NC_010542.1_3_1/1,1522,-422.433
NC_010542.1_4_1/1,1496,-383.02
NC_010542.1_5_1/1,33934,-414.221
NC_010542.1_6_1/1,13076,-405.673
NC_010542.1_7_1/1,54005,-409.644
NC_010542.1_8_1/1,33037,-354.834
2546360,649756,-2.90904
NC_010546.1_0_0/2,33037,-387.477
NC_010546.1_0_1/2,33959,-399.504
NC_010546.1_1_1/2,1323375,-414.35
NC_010547.1_0_0/2,412384,-411.581
NC_010547.1_1_0/2,2036206,-427.446
NC_010547.1_2_0/2,104955,-423.009
NC_010547.1_3_0/2,3036126,-394.439
NC_010547.1_0_1/2,911092,-412.886
NC_010547.1_1_1/2,911092,-417.602
NC_010547.1_2_1/2,938288,-412.645
NC_010547.1_3_1/2,2751313,-423.628
NC_010547.1_4_1/2,89093,-422.748
NC_010539.1_0_0/2,165096,-405.492
NC_010539.1_1_0/2,33033,-386.36
NC_010539.1_2_0/2,89093,-411.155
NC_010539.1_0_1/2,54005,-398.038
NC_010539.1_1_1/2,1514105,-415.237
NC_010539.1_2_1/2,2036206,-426.368
NC_010539.1_3_1/2,2980027,-407.287
NC_010541.1_0_0/2,1280,-398.749
NC_010541.1_0_1/2,296745,-427.143
NC_010541.1_1_1/2,236753,-403.905
NC_010543.1_0_0/2,2036206,-425.665
NC_010543.1_1_0/2,31909,-412.637
NC_010543.1_2_0/2,59610,-428.886
NC_010543.1_3_0/2,375175,-417.52
NC_010543.1_4_0/2,911092,-418.872
NC_010543.1_0_1/2,1185412,-403.015
NC_010543.1_1_1/2,59610,-414.219
NC_010543.1_2_1/2,59610,-419.831
NC_010543.1_3_1/2,1074467,-418.362
NC_010543.1_4_1/2,2731377,-407.106
NC_010542.1_0_0/2,1982626,-378.088
NC_010542.1_1_0/2,911092,-406.247
NC_010542.1_2_0/2,2980027,-425.33
NC_010542.1_3_0/2,1115758,-357.392
NC_010542.1_4_0/2,2731377,-422.529
NC_010542.1_5_0/2,1221500,-409.342
NC_010542.1_6_0/2,2026,-416.657
NC_010542.1_7_0/2,54005,-403.966
NC_010542.1_8_0/2,2419772,-415.335
NC_010542.1_0_1/2,84135,-398.509
NC_010542.1_1_1/2,54005,-409.905
NC_010542.1_2_1/2,1556,-397.429
NC_010542.1_3_1/2,1603,-430.975
NC_010542.1_4_1/2,89093,-410.056
NC_010542.1_5_1/2,1074467,-408.925
NC_010542.1_6_1/2,1513,-371.417
NC_010542.1_7_1/2,2593652,-419.201
NC_010542.1_8_1/2,375175,-414.328
2005460,649756,-2.90904
NZ_AP018281.1_0_0/1,2293317,-405.213
NZ_AP018281.1_1_0/1,53444,-391.868
NZ_AP018281.1_2_0/1,356322,-431.256
NZ_AP018281.1_3_0/1,1496,-387.6
NZ_AP018281.1_0_1/1,3035694,-407.797
NZ_AP018281.1_1_1/1,2592382,-423.917
NZ_AP018281.1_2_1/1,1930071,-424.121
NZ_AP018281.1_3_1/1,54005,-409.937
NZ_AP018282.1_0_0/1,2980027,-400.282
NZ_AP018282.1_1_0/1,2731377,-417.048
NZ_AP018282.1_2_0/1,1514105,-419.625
NZ_AP018282.1_3_0/1,1603,-423.448
NZ_AP018282.1_4_0/1,129985,-413.037
NZ_AP018282.1_0_1/1,28038,-430.174
NZ_AP018282.1_1_1/1,1731,-419.051
NZ_AP018282.1_2_1/1,236753,-402.56
NZ_AP018282.1_3_1/1,2592382,-430.466
NZ_AP018282.1_4_1/1,1597,-422.535
NZ_AP018282.1_5_1/1,884684,-426.528
NZ_AP018283.1_0_0/1,2331,-366.466
NZ_AP018283.1_1_0/1,86332,-423.982
NZ_AP018283.1_0_1/1,1260,-399.253
NZ_AP018283.1_1_1/1,86332,-421.695
NZ_AP018283.1_2_1/1,1982626,-398.144
NZ_AP018284.1_0_1/1,208199,-418.59
NZ_AP018285.1_0_0/1,136609,-410.194
NZ_AP018285.1_1_0/1,2293317,-407.039
NZ_AP018285.1_2_0/1,37482,-429.885
NZ_AP018285.1_3_0/1,2320858,-417.452
NZ_AP018285.1_4_0/1,1462,-422.603
NZ_AP018285.1_5_0/1,33934,-411.975
NZ_AP018285.1_6_0/1,2099786,-421.125
NZ_AP018285.1_7_0/1,33934,-413.241
NZ_AP018285.1_0_1/1,2592382,-430.387
NZ_AP018285.1_1_1/1,59610,-414.266
NZ_AP018285.1_2_1/1,1280,-404.44
NZ_AP018285.1_3_1/1,86332,-418.431
NZ_AP018285.1_4_1/1,1720083,-415.376
NZ_AP018285.1_5_1/1,375175,-415.982
NZ_AP018285.1_6_1/1,2593652,-421.204
NZ_AP018285.1_7_1/1,2331,-405.011
NZ_AP018286.1_0_0/1,84135,-392.006
NZ_AP018286.1_1_0/1,1260,-391.694
NZ_AP018286.1_2_0/1,1185412,-401.484
NZ_AP018286.1_0_1/1,1115758,-368.082
NZ_AP018286.1_1_1/1,1280,-402.467
NZ_AP018286.1_2_1/1,84135,-381.295
NZ_AP018287.1_0_0/1,1720083,-418.986
NZ_AP018287.1_0_1/1,59610,-422.434
NZ_AP018287.1_1_1/1,28038,-408.226
2005460,649756,-2.90904
NZ_AP018281.1_0_0/2,2293317,-414.045
NZ_AP018281.1_1_0/2,54005,-403.855
NZ_AP018281.1_2_0/2,1260,-401.38
NZ_AP018281.1_3_0/2,2592382,-422.814
NZ_AP018281.1_0_1/2,42838,-424.561
NZ_AP018281.1_1_1/2,33959,-410.493
NZ_AP018281.1_2_1/2,89093,-415.164
NZ_AP018281.1_3_1/2,33952,-415.783
NZ_AP018282.1_0_0/2,1582259,-417.109
NZ_AP018282.1_1_0/2,28038,-422.601
NZ_AP018282.1_2_0/2,104955,-427.822
NZ_AP018282.1_3_0/2,911092,-411.861
NZ_AP018282.1_4_0/2,2592382,-431.2
NZ_AP018282.1_0_1/2,33959,-408.761
NZ_AP018282.1_1_1/2,2320858,-416.141
NZ_AP018282.1_2_1/2,33959,-408.57
NZ_AP018282.1_3_1/2,2592382,-424.538
NZ_AP018282.1_4_1/2,386490,-416.836
NZ_AP018282.1_5_1/2,13076,-407.912
NZ_AP018283.1_0_0/2,412384,-417.709
NZ_AP018283.1_1_0/2,2756,-420.446
NZ_AP018283.1_0_1/2,2331,-381.829
NZ_AP018283.1_1_1/2,2293317,-400.885
NZ_AP018283.1_2_1/2,1461582,-419.915
NZ_AP018284.1_0_1/2,59610,-428.996
NZ_AP018285.1_0_0/2,54005,-407.877
NZ_AP018285.1_1_0/2,54005,-405.402
NZ_AP018285.1_2_0/2,1074467,-420.879
NZ_AP018285.1_3_0/2,33934,-416.38
NZ_AP018285.1_4_0/2,1221500,-413.11
NZ_AP018285.1_5_0/2,33037,-385.677
NZ_AP018285.1_6_0/2,33934,-421.836
NZ_AP018285.1_7_0/2,356322,-421.254
NZ_AP018285.1_0_1/2,911092,-404.363
NZ_AP018285.1_1_1/2,386490,-414.94
NZ_AP018285.1_2_1/2,1260,-407
NZ_AP018285.1_3_1/2,236753,-397.275
NZ_AP018285.1_4_1/2,236753,-415.59
NZ_AP018285.1_5_1/2,386490,-413.1
NZ_AP018285.1_6_1/2,236753,-414.685
NZ_AP018285.1_7_1/2,1852373,-419.356
NZ_AP018286.1_0_0/2,86332,-423.172
NZ_AP018286.1_1_0/2,1074467,-419.283
NZ_AP018286.1_2_0/2,1556,-392.918
NZ_AP018286.1_0_1/2,1115758,-390.167
NZ_AP018286.1_1_1/2,1982626,-368.586
NZ_AP018286.1_2_1/2,89093,-418.463
NZ_AP018287.1_0_0/2,2099786,-422.89
NZ_AP018287.1_0_1/2,86332,-423.9
NZ_AP018287.1_1_1/2,2925830,-426.581
59930,649756,-2.90904
NC_019675.1_0_0/1,69823,-411.456
NC_019675.1_1_0/1,73919,-371.349
NC_019675.1_2_0/1,2734,-402.329
NC_019675.1_3_0/1,2734,-402.683
NC_019675.1_4_0/1,73919,-373.973
NC_019675.1_5_0/1,2734,-403.052
NC_019675.1_6_0/1,73919,-375.381
NC_019675.1_7_0/1,2734,-389.462
NC_019675.1_8_0/1,2734,-390.837
NC_019675.1_9_0/1,671077,-386.835
NC_019675.1_10_0/1,2734,-410.617
NC_019675.1_11_0/1,2734,-398.855
NC_019675.1_12_0/1,2734,-407.688
NC_019675.1_13_0/1,2734,-403.296
NC_019675.1_14_0/1,73919,-379.191
NC_019675.1_15_0/1,411483,-416.523
NC_019675.1_16_0/1,42838,-417.888
NC_019675.1_17_0/1,671077,-385.054
NC_019675.1_18_0/1,2734,-404.752
NC_019675.1_19_0/1,671077,-398.519
NC_019675.1_20_0/1,73919,-379.334
NC_019675.1_21_0/1,73919,-370.497
NC_019675.1_22_0/1,2734,-398.118
NC_019675.1_23_0/1,2734,-405.396
NC_019675.1_24_0/1,73919,-364.075
NC_019675.1_0_1/1,2610895,-419.356
NC_019675.1_1_1/1,671077,-383.794
NC_019675.1_2_1/1,2582419,-424.539
NC_019675.1_3_1/1,69823,-402.1
NC_019675.1_4_1/1,73919,-367.736
NC_019675.1_5_1/1,73919,-369.771
NC_019675.1_6_1/1,2734,-407.044
NC_019675.1_7_1/1,671077,-380.647
NC_019675.1_8_1/1,471827,-417.629
NC_019675.1_9_1/1,73919,-364.935
NC_019675.1_10_1/1,291990,-431.218
NC_019675.1_11_1/1,671077,-384.111
NC_019675.1_12_1/1,2734,-394.839
NC_019675.1_13_1/1,69823,-427.531
NC_019675.1_14_1/1,73919,-382.837
NC_019675.1_15_1/1,73919,-376.535
NC_019675.1_16_1/1,2734,-401.371
NC_019675.1_17_1/1,42838,-415.373
NC_019675.1_18_1/1,671077,-393.517
NC_019675.1_19_1/1,2734,-402.862
NC_019675.1_20_1/1,2709410,-411.757
NC_019675.1_21_1/1,2734,-393.802
NC_019675.1_22_1/1,671077,-380.43
NC_019675.1_23_1/1,73919,-383.817
NC_019675.1_24_1/1,2734,-406.728
59930,649756,-2.90904
NC_019675.1_0_0/2,471827,-417.479
NC_019675.1_1_0/2,73919,-378.904
NC_019675.1_2_0/2,2734,-409.704
NC_019675.1_3_0/2,73919,-386.279
NC_019675.1_4_0/2,73919,-376.493
NC_019675.1_5_0/2,73919,-385.875
NC_019675.1_6_0/2,2610895,-412.279
NC_019675.1_7_0/2,2709410,-412.441
NC_019675.1_8_0/2,73919,-371.006
NC_019675.1_9_0/2,73919,-360.376
NC_019675.1_10_0/2,2734,-403.474
NC_019675.1_11_0/2,73919,-370.187
NC_019675.1_12_0/2,73919,-377.987
NC_019675.1_13_0/2,73919,-362.189
NC_019675.1_14_0/2,2734,-400.785
NC_019675.1_15_0/2,2763056,-418.471
NC_019675.1_16_0/2,411483,-419.475
NC_019675.1_17_0/2,73919,-388.121
NC_019675.1_18_0/2,73919,-380.707
NC_019675.1_19_0/2,2734,-399.474
NC_019675.1_20_0/2,671077,-401.794
NC_019675.1_21_0/2,671077,-391.106
NC_019675.1_22_0/2,73919,-375.755
NC_019675.1_23_0/2,2866627,-407.235
NC_019675.1_24_0/2,73919,-366.941
NC_019675.1_0_1/2,2610895,-417.492
NC_019675.1_1_1/2,2734,-397.552
NC_019675.1_2_1/2,2763667,-423.668
NC_019675.1_3_1/2,2866627,-399.249
NC_019675.1_4_1/2,73919,-381.106
NC_019675.1_5_1/2,73919,-364.252
NC_019675.1_6_1/2,2734,-412.02
NC_019675.1_7_1/2,671077,-399.461
NC_019675.1_8_1/2,2714353,-423.648
NC_019675.1_9_1/2,73919,-387.02
NC_019675.1_10_1/2,189381,-429.395
NC_019675.1_11_1/2,73919,-393.896
NC_019675.1_12_1/2,2734,-397.505
NC_019675.1_13_1/2,3036945,-430.079
NC_019675.1_14_1/2,671077,-397.063
NC_019675.1_15_1/2,73919,-389.445
NC_019675.1_16_1/2,73919,-369.077
NC_019675.1_17_1/2,73919,-388.123
NC_019675.1_18_1/2,2734,-397.492
NC_019675.1_19_1/2,73919,-373.239
NC_019675.1_20_1/2,69823,-416.973
NC_019675.1_21_1/2,2763056,-412.697
NC_019675.1_22_1/2,73919,-380.083
NC_019675.1_23_1/2,2734,-405.546
NC_019675.1_24_1/2,2734,-395.552
379064,649756,-2.90904
NC_019776.1_0_0/1,356322,-424.321
NC_019776.1_1_0/1,84032,-420.659
NC_019776.1_2_0/1,54005,-407.787
NC_019776.1_3_0/1,33033,-388.388
NC_019776.1_4_0/1,154288,-412.136
NC_019776.1_5_0/1,1761012,-427.287
NC_019776.1_6_0/1,375175,-417.741
NC_019776.1_7_0/1,165096,-405.969
NC_019776.1_8_0/1,129958,-424.766
NC_019776.1_9_0/1,33033,-388.361
NC_019776.1_10_0/1,208199,-420.758
NC_019776.1_11_0/1,2528593,-424.872
NC_019776.1_12_0/1,2934315,-414.827
NC_019776.1_13_0/1,2785025,-393.225
NC_019776.1_14_0/1,58138,-418.994
NC_019776.1_15_0/1,1424294,-416.039
NC_019776.1_16_0/1,33037,-383.353
NC_019776.1_17_0/1,240427,-421.378
NC_019776.1_18_0/1,2742683,-407.781
NC_019776.1_0_1/1,3035694,-412.059
NC_019776.1_1_1/1,59610,-422.875
NC_019776.1_2_1/1,2293317,-396.85
NC_019776.1_3_1/1,2731377,-413.587
NC_019776.1_4_1/1,236753,-402.761
NC_019776.1_5_1/1,1115758,-360.097
NC_019776.1_6_1/1,3003601,-393.798
NC_019776.1_7_1/1,129958,-417.924
NC_019776.1_8_1/1,33037,-379.549
NC_019776.1_9_1/1,371036,-407.715
NC_019776.1_10_1/1,236753,-414.403
NC_019776.1_11_1/1,3035694,-395.842
NC_019776.1_12_1/1,84135,-394.069
NC_019776.1_13_1/1,79883,-417.371
NC_019776.1_14_1/1,863643,-426.567
NC_019776.1_15_1/1,365349,-426.699
NC_019776.1_16_1/1,1302659,-415.347
NC_019776.1_17_1/1,31909,-403.401
NC_019776.1_18_1/1,1185412,-402.726
NC_019777.1_0_0/1,1397,-410.645
NC_019777.1_1_0/1,1115758,-354.45
NC_019777.1_2_0/1,2331,-376.96
NC_019777.1_3_0/1,2980027,-401.169
NC_019777.1_4_0/1,2980027,-403.318
NC_019777.1_5_0/1,2382161,-415.368
NC_019777.1_0_1/1,33959,-405.714
NC_019777.1_1_1/1,2320858,-412.084
NC_019777.1_2_1/1,1278232,-383.101
NC_019777.1_3_1/1,375175,-422.997
NC_019777.1_4_1/1,33038,-416.598
NC_019777.1_5_1/1,39485,-412.782
379064,649756,-2.90904
NC_019776.1_0_0/2,33033,-379.572
NC_019776.1_1_0/2,2293317,-405.284
NC_019776.1_2_0/2,1280,-412.439
NC_019776.1_3_0/2,1982626,-381.165
NC_019776.1_4_0/2,33033,-382.393
NC_019776.1_5_0/2,59610,-421.679
NC_019776.1_6_0/2,2785025,-398.394
NC_019776.1_7_0/2,54005,-407.918
NC_019776.1_8_0/2,1185412,-389.197
NC_019776.1_9_0/2,1260,-403.093
NC_019776.1_10_0/2,33934,-419.743
NC_019776.1_11_0/2,129958,-422.56
NC_019776.1_12_0/2,3035694,-400.744
NC_019776.1_13_0/2,2682810,-411.142
NC_019776.1_14_0/2,2934315,-399.17
NC_019776.1_15_0/2,1582259,-419.6
NC_019776.1_16_0/2,2682810,-406.573
NC_019776.1_17_0/2,1221500,-422.357
NC_019776.1_18_0/2,1193713,-417.407
NC_019776.1_0_1/2,13076,-408.473
NC_019776.1_1_1/2,2593652,-412.072
NC_019776.1_2_1/2,2813371,-381.381
NC_019776.1_3_1/2,2487118,-411.001
NC_019776.1_4_1/2,54005,-389.871
NC_019776.1_5_1/2,59610,-419.714
NC_019776.1_6_1/2,54005,-414.176
NC_019776.1_7_1/2,2751313,-418.134
NC_019776.1_8_1/2,1556,-399.482
NC_019776.1_9_1/2,33033,-364.538
NC_019776.1_10_1/2,33033,-389.331
NC_019776.1_11_1/2,86332,-421.056
NC_019776.1_12_1/2,2731377,-414.151
NC_019776.1_13_1/2,1478,-411.47
NC_019776.1_14_1/2,2567941,-410.253
NC_019776.1_15_1/2,2731377,-409.415
NC_019776.1_16_1/2,2751313,-419.493
NC_019776.1_17_1/2,33033,-390.619
NC_019776.1_18_1/2,236753,-406.979
NC_019777.1_0_0/2,54005,-401.095
NC_019777.1_1_0/2,938288,-410.788
NC_019777.1_2_0/2,2980027,-406.236
NC_019777.1_3_0/2,2331,-393.375
NC_019777.1_4_0/2,84135,-402.301
NC_019777.1_5_0/2,2682810,-399.139
NC_019777.1_0_1/2,2682810,-409.83
NC_019777.1_1_1/2,2925830,-419.873
NC_019777.1_2_1/2,1982626,-399.209
NC_019777.1_3_1/2,39483,-401.076
NC_019777.1_4_1/2,2682810,-404.47
NC_019777.1_5_1/2,89152,-397.278
